Subject;Gender;Age_in_Yrs;CardSort_Unadj;Flanker_Unadj;ListSort_Unadj;PicSeq_Unadj;PicVocab_Unadj;ProcSpeed_Unadj;ReadEng_Unadj;IWRD_TOT;PMAT24_A_CR;VSPLOT_TC
100206;2;27;119.14;130.42;112.89;125.07;119.8914;138.72;113.546;34;20;12
100307;1;27;123.75;112.56;108.06;110.61;107.2;122.65;111.07;35;17;9
100408;2;33;111.14;121.18;108.06;125.71;134.24;107.08;131.81;37;7;17
100610;2;27;129.84;126.53;117.39;109.04;140.8151;111.11;141.3166;38;23;18
101006;1;35;105.19;101.85;93.9;84.68;95.42348;90.59;113.5374;37;11;20
101309;2;29;99.76;113.67;117.39;102.89;123.3551;105.28;106.9173;34;15;10
101915;1;35;102.25;98.94;117.39;95.13;121.63;103.25;120.95;35;21;14
102311;1;26;102.83;111.75;121.89;118.8;116.52;91.68;110.8;35;20;13
102513;2;30;102.84;86.31;112.89;116.13;121.2287;60.09;124.8705;35;18;18
102614;2;23;124.08;124.64;117.39;135.55;112.6225;152.77;106.7909;38;18;17
102715;2;26;116.16;104.59;117.39;105.63;124.4154;126.95;121.6283;35;22;19
102816;1;30;117.1;96.95;117.39;114.48;99.04;104.82;100.9;39;17;11
103010;2;25;108.06;85.74;126.18;108.04;105.4383;105.28;115.394;35;19;16
103111;2;30;107.69;103.86;126.18;110.7;123.1029;97.15;118.7641;34;21;13
103212;2;34;101.41;95.94;130.38;103.28;124.138;100.29;127.1703;36;15;16
103414;1;25;107.52;102.76;112.89;92.36;108.83;110.41;111.35;37;17;9
103818;1;32;107.93;101.75;117.39;101.01;130.89;107;120.49;37;16;8
104012;1;26;110.61;100.62;96.99;97.65;107.49;109.05;102.5179;35;10;15
104416;1;31;119.59;115.12;108.06;135.55;124.514;134.82;128.4841;31;23;19
105014;1;29;101.87;97.68;112.89;125.71;115.13;90.22;130.17;37;21;13
105115;2;31;109.62;106.14;126.18;110.7;121.81;103.91;119.17;37;22;16
105216;2;27;138.6;137.11;121.89;135.55;126.21;125.96;125.67;40;22;24
105620;1;34;143.94;115.04;121.89;125.07;120.2309;121.22;125.504;38;22;18
105923;1;33;109.81;112.7;117.39;115.73;114.8966;76.8;129.6218;40;22;22
106016;1;33;111.97;113.61;108.06;111.46;115.38;116.45;117.37;35;22;18
106319;2;28;128.03;113.89;104.06;135.55;126.34;94.79;131.75;40;24;18
106521;1;29;124.39;113.07;133.93;112.39;125.0447;145.54;135.9465;37;23;23
106824;2;22;114.82;111.44;130.38;135.55;123.0852;121.22;119.5151;39;22;18
107018;1;26;103.3;101.57;108.06;104.47;121.8928;115.83;120.6881;37;10;15
107321;1;25;115.07;126.63;130.38;135.55;128.4;127.84;123.78;37;23;18
107422;2;22;114.79;126.11;137.98;111.46;133.0329;128.25;134.8629;38;24;13
108020;2;22;122.44;116.83;117.39;108.93;115.7674;113.4;110.5715;34;21;16
108222;2;35;109.98;118.42;144.5;135.55;127.3699;113.4;124.2336;40;22;26
108323;1;27;119.66;121.42;108.06;135.55;111.61;119.54;115.11;36;13;14
108525;2;23;93.21;96.17;100.43;103.28;106.37;86.59;103.24;35;18;10
109325;2;31;118.5;112.65;96.99;106.4;110.6675;134.82;105.6195;34;19;21
110007;1;33;111.82;113.84;108.06;121.82;113.4609;105.28;108.4767;36;18;9
110411;2;31;125.37;118.25;121.89;104.53;126.18;122.73;125.44;40;16;16
110613;2;29;110.78;94.58;130.38;109.47;121.337;89.64;121.6983;36;17;15
111009;1;27;124.54;127.2;112.89;110.7;153.0889;86.86;118.366;39;20;22
111211;1;28;115.53;108.89;121.89;115.73;123.0176;114.52;120.8398;39;19;14
111312;1;31;117.23;113.67;108.06;125.71;107.67;118.64;96.09;34;17;10
111413;1;28;136.1;128.39;104.06;100.97;109.41;114.75;119.01;32;13;11
111514;2;32;117.26;119.81;108.06;108.29;146.9198;121.23;123.8282;39;17;19
111716;1;32;110.53;100.7;104.06;109.02;123.57;103.3;128.71;37;22;15
112112;2;27;103.46;109.37;104.06;118.7;123.1805;113.4;120.0745;36;21;19
112314;1;30;112.42;115.73;108.06;101.78;121.6903;110.12;113.6531;33;18;12
112516;1;33;100.45;116.96;100.43;109.4;118.6195;111.11;103.4653;39;11;17
112920;2;31;111.59;104.78;130.38;125.71;123.8164;104.06;116.5932;37;17;13
113215;1;26;121.37;142.11;130.38;109.04;120.31;128.55;128.18;38;17;12
113316;2;25;104.6;92.15;117.39;125.71;104.8695;112.27;128.293;29;20;24
113619;1;34;109.35;105.31;112.89;105.09;128.7;111.93;121.12;37;15;15
113922;2;32;122.39;109.58;133.93;135.55;111.37;118.78;106.78;38;15;13
114217;1;29;119.5;111.98;112.89;135.55;116.0618;124.27;140.1555;32;21;17
114318;1;22;117.98;110.53;112.89;112;109.7207;135.98;123.4728;26;16;16
114419;2;33;107.97;102.27;117.39;122.66;118.1519;121.22;117.8108;36;13;9
114621;2;29;110.9;117.4;104.06;93.97;113.4061;111.11;119.2225;40;15;13
114823;1;33;112.93;111.75;126.18;135.55;123.072;135.98;141.0733;38;22;17
115017;1;32;107.52;104.41;104.06;122.66;108.8303;96.06;123.8177;38;15;17
115320;1;34;112.78;101.82;100.43;102.25;107.8;115.64;106.23;36;14;11
115724;1;23;128.04;123.46;93.9;100.18;101.4302;144.47;102.2321;33;10;14
115825;2;23;95.79;112.21;104.06;104.34;92.84103;89.64;96.06393;38;9;11
116726;2;26;129.19;117.4;126.18;135.55;113.7863;119.98;131.9735;34;19;17
117021;1;30;119.18;103.76;126.18;107.69;130.0459;122.72;122.475;39;23;10
117122;1;30;119.93;111.15;117.39;135.55;118.64;117.47;122.45;38;24;21
117324;1;24;99.85;105.22;96.99;84.68;105.88;105.27;106.46;38;12;2
117930;1;33;101.68;94.38;108.06;109.02;124.5602;104.06;124.5595;37;13;10
118023;1;26;108.67;118.66;100.43;109.47;114.31;122.72;107.4202;39;19;18
118124;1;34;123.11;108.46;91.07;105.63;107.6174;99.14;103.085;36;16;10
118225;2;27;112.58;115.38;130.38;135.55;124.5263;99.14;124.4669;37;23;18
118528;1;29;133.28;114.23;104.06;108.04;118.67;116.04;108.8;36;8;12
118730;2;23;112.99;110.38;112.89;108.93;113.72;108.71;106.67;37;10;17
118831;2;22;129.85;118.28;112.89;99.41;135.6653;119.98;128.9936;39;17;17
118932;2;26;115.43;113.07;104.06;104.95;110.63;122.66;122.32;36;19;23
119025;2;29;113.06;95.64;144.5;107.69;130.3676;106.57;126.8451;37;20;19
119126;1;25;104.3;109.84;112.89;118.7;105.9275;133.26;109.9567;34;17;9
119732;1;33;100.13;93.13;100.43;108.89;121.8928;91.62;120.0374;38;22;9
119833;1;27;107;131.82;108.06;116.13;111.45;110.79;103.48;31;12;11
120111;1;28;111.96;112.13;88.68;106.04;119.1;116.23;121.2;35;14;5
120212;1;33;114.39;108.82;121.89;121.82;126.2;115.39;123.53;39;22;15
120414;1;26;98.53;96.05;100.43;106.6;113.784;85.34;111.3651;31;12;7
120515;1;26;118;93.8;108.06;112.39;106.11;100.04;111;38;21;14
120717;1;35;125.11;116.57;117.39;121.82;123.2786;124.27;127.0684;37;20;18
121416;2;26;104.06;94.4;112.89;104.47;119.6009;84.34;116.231;35;20;14
121618;2;32;108.85;112.89;104.06;90.25;132.95;112.98;116.29;35;11;14
121921;2;34;112.12;115.92;108.06;87.75;123.0852;88.71;122.5001;37;21;20
122317;2;31;103.09;105.76;117.39;120.32;110.94;97.38;104.18;37;18;15
122620;2;26;110.18;114.15;108.06;92.5;110.36;110.6;123.74;32;16;14
122822;1;35;106.33;107.59;104.06;93.23;115.7786;118.67;115.1137;38;19;13
123824;2;23;100.91;99.32;100.43;93.31;92.39136;107.8;93.66479;34;8;5
123925;1;26;138.91;126.15;112.89;135.55;103.19;130.11;124.01;39;16;13
124422;1;31;110.66;109.58;93.9;96.55;108.33;115.67;91.33;38;18;19
124826;1;32;115.6;121.91;104.06;88.06;128.207;124.27;120.9202;32;10;16
125222;2;26;104.48;97.65;133.93;135.55;124.9112;106.57;130.1292;38;23;24
125424;1;33;95.05;95.21;112.89;111.46;117.5039;110.12;119.8836;36;15;1
125525;1;34;115.16;104.32;91.07;83.65;105.76;100.36;103.61;33;8;5
126325;1;28;125.65;125.34;112.89;118.8;114.74;109.66;124.87;36;13;17
126426;1;34;108.05;103.78;108.06;125.71;104.2913;145.54;103.9257;35;7;14
126628;2;33;105.14;96.54;88.68;99.71;107.12;97.19;103.97;37;21;9
127226;2;25;105.68;102.73;100.43;118.7;108.9755;82.08;114.501;35;21;19
127327;2;23;120.38;115.12;108.06;113.72;118.6632;135.98;126.3249;35;23;26
127630;1;25;117.39;124.4;137.98;125.07;112.7767;154.69;126.6443;37;21;9
127731;1;31;108.95;114.06;93.9;112.39;113.3287;105.28;100.7397;37;11;11
127832;1;35;118.32;104.59;100.43;103.93;130.0463;115.83;108.5761;34;21;14
127933;2;32;119.06;108.52;117.39;120.32;117.45;118.93;132.65;32;19;19
128026;1;30;110.69;105.76;117.39;104.47;114.953;107.8;120.8579;35;21;16
128127;1;27;114.71;117.4;108.06;125.71;117.69;123.61;122.31;38;14;22
128632;1;32;107.36;107.28;112.89;97.92;114.35;108.79;107.25;32;14;16
128935;2;34;123.05;115.38;112.89;113.72;131.0498;106.57;141.8487;37;14;15
129028;2;30;103.92;102.41;117.39;125.71;122.85;107.23;122.54;34;24;19
129129;1;33;114.69;114.06;96.99;113.72;112.3482;118.67;126.2477;35;16;17
129331;1;30;127.86;119.39;121.89;125.07;135.6979;121.22;128.2793;40;8;16
129634;2;22;99.11;99.94;108.06;118.7;110.5733;102.91;106.3234;37;20;18
130013;2;26;108.83;111.15;112.89;94.31;118.53;121.47;118.88;37;20;12
130114;2;27;131.62;125.19;108.06;108.93;127.8275;135.98;129.4267;38;22;17
130316;1;27;114.89;118.81;108.06;109.02;129.98;125.29;129.63;35;14;12
130417;2;27;114.75;122.53;108.06;92.14;125.0839;97.15;130.3602;38;20;17
130619;1;30;119.16;112.21;126.18;135.55;130.8938;150.84;134.3721;35;22;20
130720;2;34;109.62;101.16;112.89;125.71;117.4743;111.11;120.454;37;20;13
130821;1;25;122.38;123.33;100.43;102.89;96.3746;119.98;103.4482;36;9;9
130922;1;31;130.39;109.84;126.18;125.71;131.19;119;125.91;39;22;25
131217;1;29;119.87;119.25;93.9;135.55;115.3752;118.67;120.7198;39;11;20
131419;1;28;114.31;107.41;121.89;111.35;119.9508;107.8;129.6218;39;7;13
131722;1;28;118.13;104.68;126.18;98.57;127.6105;126.95;135.3573;35;19;16
131823;2;27;118.01;113.97;112.89;103.93;129.3487;138.72;129.1036;37;21;17
132017;1;23;115.53;116.01;108.06;125.07;127.1616;126.95;120.9043;35;22;12
132118;1;26;104.18;106.14;100.43;104.34;123.72;97.12;118.82;40;8;12
133019;1;26;104.42;115.04;100.43;101.01;110.93;112.32;114.12;36;18;16
133625;2;30;112.99;99.69;130.38;135.55;115.45;102.04;123.49;31;22;13
133827;2;25;112.92;105.51;84.63;98.57;113.11;109.05;114.26;36;13;11
133928;2;27;110.9;108.93;108.06;120.32;105.06;112.67;112.07;34;20;7
134021;1;32;105.29;110.84;93.9;113.72;106.5826;96.06;94.09068;33;19;14
134223;1;29;112.99;103.76;133.93;122.66;120.4267;122.72;126.5055;36;24;15
134324;2;30;110.25;105.69;93.9;84.68;107.85;95.6;125.34;26;20;19
134425;1;27;115;107.48;100.43;109.96;120.3347;122.72;126.3526;35;12;15
134627;2;27;143.94;125.54;104.06;114.48;120.2083;154.69;124.3496;36;18;21
134728;2;29;117.29;110.78;104.06;110.7;112.6015;110.12;112.8457;35;23;15
134829;1;35;103.68;107.59;104.06;102.25;105.6876;115.83;103.9233;34;17;13
135124;1;31;118.91;96.18;108.06;100.97;114.9569;125.64;112.4978;38;21;14
135225;1;22;125.17;120.56;108.06;135.55;111.67;120.27;113.71;40;16;9
135528;1;26;122.5;129.71;126.18;117.32;105.88;107.54;93.15;36;9;15
135629;2;24;118.62;104.89;112.89;108.93;113.0438;113.4;117.0778;38;13;10
135730;2;23;119.59;122.27;100.43;112.39;113.4293;131.64;108.1692;39;21;13
135932;1;30;143.94;115.87;100.43;114.48;113.88;126.47;116.59;36;19;12
136126;2;27;116.08;114.06;117.39;135.55;119.3642;94.92;110.9044;33;19;10
136227;2;31;108.57;109.29;96.99;106.6;116.334;94.92;115.9069;39;20;20
136631;2;25;116.08;89.22;112.89;122.66;100.952;94.92;107.58;34;15;15
136833;2;33;106.98;110.68;112.89;109.04;130.9;107.91;118.87;33;20;21
137027;2;32;123.4;108.08;117.39;116.13;113.1;110.8;107.64;38;9;12
137128;1;31;114.68;102.77;130.38;125.71;116.39;114.85;121.01;32;19;20
137229;2;22;118.74;114.61;112.89;104.95;126.4815;107.8;121.9883;39;24;17
137532;2;32;98.18;112.31;108.06;95.27;109.9835;94.92;97.7005;35;15;9
137633;1;23;107.52;104.82;112.89;114.48;109.5157;112.27;116.7144;38;13;17
137936;2;32;94.99;106.48;104.06;76.42;104.06;98.32;102.63;32;6;13
138130;1;33;110.65;107.53;100.43;113.72;126.1153;118.67;127.2036;40;18;18
138231;1;33;110.53;108.98;100.43;112;105.69;110.3;107.91;38;10;7
138332;2;29;130.78;108.82;112.89;118.8;115.2631;106.57;121.1449;32;22;19
138534;2;25;111.03;118.66;130.38;111.46;108.7;103.19;106.22;37;10;20
138837;2;23;99.42;97.68;104.06;94.02;99.81483;100.29;100.7036;31;16;18
139233;1;34;122.78;115.92;108.06;120.32;117.46;113.01;114.3;39;13;18
139637;1;35;126.05;108.46;104.06;135.55;117.41;116.01;110.89;37;21;20
139839;2;26;115.77;126.74;108.06;125.71;128.1123;145.54;126.3766;36;23;14
140117;1;27;101.18;101.82;108.06;91.62;100.53;104.24;114.73;30;8;9
140420;1;28;106.98;105.5;108.06;105.6;106.86;103.91;99.68;30;14;10
141422;1;33;123.13;111.89;133.93;103.25;124.5884;115.83;122.7735;37;21;17
142828;2;31;121.95;115.04;117.39;121.82;116.32;121.63;126.83;39;17;14
143224;1;27;112.65;114.61;96.99;135.55;125.5795;151.81;118.9618;40;22;14
143325;1;32;104.84;95.53;112.89;110.7;118.89;103.96;119.25;36;19;10
143426;1;29;108.42;94.63;126.18;99.71;110.2021;104.06;115.7016;35;21;14
143830;1;26;112.84;99.19;108.06;105.63;104.7913;125.64;108.0638;35;13;8
144125;1;33;92.74;95.23;93.9;104.95;98.27034;92.72;109.9254;38;7;6
144226;1;31;108.63;116.96;88.68;93.31;104.77;108.43;90.82;33;9;4
144428;2;25;114.11;105.2;130.38;103.59;112.13;119.31;114.18;39;19;15
144832;1;22;121.8;107.34;104.06;96.55;117.5488;133.26;111.1091;38;21;21
144933;2;27;103.17;99.77;104.06;101.57;117.5291;126.95;119.0812;39;23;16
145127;2;23;118.18;119.02;100.43;88.58;122.1825;104.06;115.0681;29;19;17
145632;2;27;127.37;121.97;126.18;95.39;127.8803;119.98;121.5229;33;20;23
145834;1;26;104.92;111.15;126.18;125.71;125.42;93.81;121.3;33;15;12
146129;2;24;134.24;121.83;117.39;125.71;114.1005;152.77;118.1983;36;19;18
146331;1;26;111.43;96.54;93.9;104.91;92.47;111.66;108.16;33;8;5
146432;2;34;113.22;115.08;100.43;95.73;119.4713;118.67;120.7051;29;9;11
146533;2;28;111.28;94.48;117.39;103.25;117.913;112.27;125.5651;37;21;16
146735;1;34;116.47;101.27;100.43;102.89;110.0955;104.06;100.4734;37;6;16
146836;2;28;121.88;113.5;100.43;100.35;112.0827;102.91;110.6315;32;18;20
146937;1;32;113.81;100.27;108.06;135.55;126.4283;112.27;115.7193;38;20;22
147636;1;24;114.52;105.15;108.06;118.7;109.5721;104.06;121.5863;33;16;18
147737;1;34;115.42;109.98;112.89;118.7;130.6681;114.52;107.9434;37;17;10
148032;1;31;108.89;131.56;126.18;106.6;122.88;110.59;125.26;32;18;13
148133;1;26;128.57;112.21;112.89;118.8;123.2349;111.11;135.7199;34;22;22
148335;1;31;118;102.6;96.99;95.13;126.33;116.82;130.74;37;7;8
148436;2;29;102.55;98.59;108.06;101.99;110.3152;91.62;108.0736;37;22;17
148840;1;23;136.1;126.74;108.06;106.85;113.87;113.2;113.27;37;22;17
148941;2;28;111.36;116.43;96.99;94.1;114.9241;117.2;119.141;34;18;24
149236;1;23;136.1;128.76;117.39;125.71;137.4778;154.69;134.9019;39;23;16
149337;2;33;123.59;111.68;112.89;104.53;116.69;115.84;118.4;36;18;15
149539;2;24;116.55;137.11;117.39;135.55;125.62;129.73;135.81;37;23;20
149741;2;27;120.61;112.75;100.43;103.28;101.57;108.54;111.94;26;10;17
149842;1;32;138.87;116.57;108.06;104.57;110.8928;107.8;124.6814;37;16;17
150423;1;30;113.54;117.09;108.06;135.55;124.06;103.04;118;38;20;14
150625;2;28;122.09;104.54;108.06;100.18;114.65;100.57;115.84;38;20;12
150726;2;25;129.82;120.9;117.39;116.13;115.33;127.14;130.84;33;21;18
150928;2;25;118.41;113.32;117.39;106.6;122.6043;118.67;112.8431;34;21;13
151425;1;26;128.57;106.29;108.06;135.55;114.8708;122.72;124.5489;35;19;20
151627;1;30;119.76;121.64;121.89;105.09;119.43;117.38;124;40;11;12
151829;1;31;125.31;115.12;117.39;118.7;111.1107;125.64;121.5629;33;10;16
151930;2;31;124.56;114.8;117.39;120.32;129.4895;122.72;126.5796;37;22;18
152225;2;35;122.94;116.43;144.5;125.71;145.2734;124.27;133.721;36;23;13
152427;1;31;114.32;108.18;130.38;125.71;124.7792;138.72;125.7007;40;21;15
152831;2;29;115.84;106.89;104.06;97.46;132.3688;93.82;132.7345;35;14;20
153025;1;22;115.29;114.53;133.93;120.32;110.61;96.52;111.63;37;16;20
153126;1;29;112.55;113.2;104.06;119.72;111.4647;112.27;109.3615;37;11;15
153227;1;31;108.33;105.63;100.43;95.07;116.651;121.22;99.92009;35;6;5
153429;2;34;117.54;125.34;121.89;105.63;130.71;125.02;121.26;38;22;19
153631;1;23;116.8;109.9;104.06;102.93;119.3331;89.64;117.9643;37;21;17
153732;1;26;99.42;100.84;96.99;100.97;100.4555;134.82;103.1036;31;11;16
153934;2;30;143.94;121.39;126.18;118.7;116.4706;138.72;124.4921;38;20;20
154229;1;23;103.77;114.61;112.89;121.82;114.8764;100.29;121.1854;38;22;20
154431;1;28;118.84;125.19;100.43;115.73;109.15;119.52;111.53;37;17;18
154532;2;28;100.6;93.57;104.06;97.65;105.6663;138.72;103.5347;37;13;12
154734;2;34;123.61;129.71;108.06;109.96;126.5832;98.16;123.3659;39;20;22
154835;1;35;118.01;98.47;117.39;106.04;110.7845;114.52;110.9118;36;17;18
154936;2;27;123.02;106.14;104.06;103.59;99.54;93.82;106.57;33;13;10
155635;1;28;118.5;118.19;121.89;116.13;118.29;128.07;115.52;38;20;15
155938;2;27;116.08;142.11;108.06;104.34;125.9663;91.62;121.2317;32;21;23
156031;1;30;110.99;105.15;108.06;135.55;118.477;135.98;113.2085;39;10;10
156334;1;27;119.76;121.42;100.43;125.71;111.15;127.97;103.91;36;20;12
156435;2;24;128.95;130.68;117.39;135.55;113.2644;133.26;122.3832;40;24;14
156536;2;22;129.77;124.78;121.89;116.13;140.7528;154.69;130.2654;38;21;13
157336;1;34;113.99;120.9;84.63;121.82;134.26;108.36;146.16;39;22;12
157437;1;29;129.82;110.98;100.43;113.72;110.26;114.14;103.68;31;9;19
157942;1;36;112.04;106.78;117.39;112.39;114.8529;111.11;107.663;35;19;18
158035;1;30;130;126.63;84.63;102.63;117.53;119.85;111.91;31;22;15
158136;2;33;107.74;103.95;93.9;97.54;108.93;117.02;124.83;38;12;10
158338;2;24;134.08;108.4;104.06;111.35;137.4778;117.2;145.6397;36;21;16
158540;2;33;115.16;114.97;112.89;107.69;125.42;109.4;123.6;33;17;12
158843;2;29;114.06;114.53;126.18;104.95;116.597;99.14;114.7298;34;21;20
159239;1;32;109.54;119.7;121.89;116.13;122.73;112.98;112.69;39;15;11
159340;2;29;101.54;106.78;104.06;105.56;120.44;96.86;119.5;33;19;14
159441;1;27;107.79;95.8;121.89;109.47;128.1601;72.24;128.4154;38;9;14
159744;2;31;120.68;127.39;126.18;102.18;113.4137;146.95;116.899;34;7;13
159946;2;29;125;131.35;108.06;108.93;122.8793;154.69;114.4808;36;23;19
160123;2;32;113.02;116.34;121.89;106.85;112.67;122.5;101.18;36;14;7
160729;1;24;118.99;107.18;117.39;119.72;110.1038;128.25;113.13;37;13;12
161630;1;27;136.1;127.53;117.39;103.28;117.62;110.12;123.93;36;8;8
161731;1;35;113.93;107.82;93.9;112.39;122.06;118.37;122.71;36;21;14
162026;1;31;119.39;111.98;93.9;106.6;116.91;125.07;118.85;37;15;7
162228;2;24;108.21;110.74;121.89;104.34;113.896;109.05;117.1148;32;20;19
162329;1;28;83.93;108.18;108.06;110.13;105.52;106.25;91.32;34;10;12
162733;1;26;97.57;100.47;126.18;110.13;118.34;100.69;132.65;35;22;17
162935;2;25;123.42;123.33;104.06;88.97;117.2298;106.57;121.1766;34;17;14
163129;2;28;117.07;125.46;112.89;109.04;118.86;111.91;114.33;36;14;13
163432;1;34;115.43;119.39;112.89;103.25;120.72;116.72;116.51;35;21;16
164030;2;32;123.58;109.62;112.89;125.71;115.86;113.13;116.17;34;23;17
164636;2;24;114.13;124.78;137.98;102.77;114.8892;101.6;107.4167;32;17;16
164939;1;29;118.32;114.29;100.43;121.82;106.29;94.57;104.1;38;19;9
165032;2;24;131.62;122.6;96.99;125.71;95.62;126.88;103.98;34;18;15
165436;2;27;103.89;95.9;112.89;102.93;125.7097;135.98;130.7467;34;17;19
165638;2;27;108.08;107.92;126.18;118.7;136.049;129.82;129.6218;36;21;19
165840;2;35;96.91;99.09;108.06;93.23;115.03;94.79;115.2;37;20;19
165941;1;28;143.94;109.9;112.89;118.7;108.7836;144.47;107.5797;38;20;13
166438;2;32;112.9;107.48;117.39;113.72;119.1;107.86;127.68;35;21;17
167036;1;30;116.55;101.99;100.43;135.55;112.82;109.36;112.52;37;11;17
167238;1;33;119.76;116.72;108.06;122.66;112.2093;96.06;115.3645;32;15;13
167440;1;30;112.04;112.13;93.9;113.72;113.9494;105.28;120.5032;40;10;15
167743;1;26;113.41;110.78;108.06;95.49;108.81;107.41;122.41;32;17;19
168139;2;25;101.7;104.56;121.89;106.85;122.1224;100.29;108.3083;36;18;9
168341;2;32;104.41;103.95;112.89;105.63;134.35;93.77;119.15;30;18;16
168745;1;22;105.99;99.86;121.89;125.71;115.6633;102.91;106.5137;36;21;13
168947;1;28;108.18;97.34;117.39;109.96;116.5913;129.82;112.6107;35;12;17
169343;1;33;103.46;98.53;88.68;106.06;90.69;94.43;97.43;34;6;8
169444;1;29;108.25;104.72;104.06;93.23;123.2308;101.6;126.4789;33;19;12
169545;2;22;143.94;116.34;126.18;118.7;112.2389;149.88;121.4331;36;18;21
169747;1;29;108.39;115.12;108.06;90.95;118.1377;117.2;126.7149;38;12;14
169949;2;29;122.44;115.87;112.89;112.39;113.4016;144.47;113.0933;35;15;18
170631;1;33;103.82;105.76;100.43;135.55;119.26;95.76;117.5;40;22;12
171330;2;27;111.22;113.5;108.06;118.39;119.8787;96.06;105.5136;31;19;15
171633;2;28;112.37;112.31;96.99;110.13;110.29;122.26;106.36;31;18;15
172029;2;27;116.59;109.62;100.43;90.25;110.8088;110.12;113.546;33;21;15
172130;2;28;118.52;113.32;112.89;111.46;113.03;103.62;107.57;34;20;21
172332;1;30;104.38;104.59;93.9;99.4;99.61;100.17;103.02;40;18;14
172433;2;23;111.94;107.76;117.39;125.71;109.9719;119.98;108.9928;39;20;13
172534;1;23;109.81;106.72;117.39;135.55;114.55;115.42;110.42;36;22;16
172938;1;32;108.38;104.32;96.99;105.6;96.46;104.23;103.51;32;19;9
173334;2;28;115.03;125.54;133.93;91.76;137.54;108.58;140.06;37;23;20
173435;1;29;115.91;106.78;121.89;109.47;125.57;113.4;122.55;34;19;21
173536;1;35;122.99;114.33;108.06;135.55;117.2627;149.88;121.3263;34;22;13
173637;1;23;143.94;114.29;108.06;135.55;110.2664;117.2;114.8657;39;21;24
173738;2;32;121.24;118.28;100.43;135.55;135.1487;110.12;130.1794;38;15;16
173839;1;22;113.6;94.89;112.89;125.71;104.0429;96.06;106.5325;39;17;18
173940;1;27;107.84;96.43;121.89;125.71;118.1;109.81;126.17;36;20;16
174437;1;32;102.11;108.59;96.99;99.71;101.47;115.22;108.74;38;9;13
174841;2;23;120.38;99.32;100.43;87.1;124.1657;118.67;119.0421;36;18;13
175136;1;22;111.88;98.51;108.06;135.55;114.1786;124.27;106.6453;31;7;11
175237;1;31;112.4;117.4;130.38;135.55;122.3772;154.69;117.1033;29;20;11
175338;1;22;113.3;112.21;112.89;120.32;115.0555;85.34;115.3504;40;21;12
175540;2;32;113.6;112.45;108.06;95.07;132.41;125.87;134.92;37;22;18
175742;1;35;116.5;110.53;117.39;135.55;116.2988;133.26;109.4593;35;24;15
176037;1;30;128.19;127.66;117.39;114.48;115.7057;150.84;112.6149;35;21;20
176441;2;29;107.98;117.71;104.06;101.99;118.9679;104.06;129.5944;36;20;11
176542;1;28;101.27;111.62;112.89;118.7;118.54;109.88;106.86;37;12;9
176744;2;31;118.72;113.5;117.39;116.13;123.8923;126.95;120.263;40;18;18
176845;1;26;107.14;109.54;104.06;135.55;107.4004;115.83;110.0629;35;9;11
177140;1;32;113.2;104.82;117.39;122.66;120.6846;119.98;116.366;36;17;11
177241;2;27;118.45;112.13;104.06;125.07;109.7422;122.72;109.1947;40;9;17
177645;1;29;125.42;110.91;108.06;118.39;121.22;107.82;117.58;39;22;14
177746;1;30;108.78;106.54;112.89;91.62;121.81;107.43;126.73;33;20;9
178142;1;26;122.5;114.23;121.89;108.29;132.41;127.53;135.36;36;20;16
178243;2;23;98.44;130.89;108.06;108.29;102.8098;128.25;104.3683;36;10;10
178748;2;33;106.61;95.23;93.9;91.62;111.24;108.65;114.68;37;8;10
178849;2;24;118.76;131.61;108.06;100.97;118.3415;118.67;113.1191;36;21;15
178950;2;34;120.24;114.33;126.18;125.71;110.83;117.15;126.87;36;20;14
179245;1;32;105.94;93.13;108.06;102.63;107.0814;107.8;103.4563;37;14;8
179346;1;27;114.23;114.7;130.38;135.55;110.1274;107.8;124.373;36;21;20
180230;1;27;128.03;106.2;137.98;125.71;126.0044;105.28;122.5554;34;23;20
180432;1;34;143.94;136.62;100.43;135.55;125.97;129.14;124.94;40;22;16
180533;1;31;119.93;99.82;108.06;118.39;110.0948;128.25;117.716;33;20;21
180735;1;35;106.14;93.64;117.39;112.39;120.5634;105.28;118.4759;34;13;12
180836;1;33;101.84;86.57;93.9;88.97;117.33;101.58;114.33;34;16;13
180937;2;36;122.12;104.32;133.93;112.39;134.2792;86.42;131.8461;38;23;21
181131;1;33;116.81;109.47;108.06;118.8;102.0424;128.25;88.65455;29;6;14
181232;1;26;130.59;120.9;112.89;113.72;121.11;122.31;114.31;40;15;14
182032;1;31;124.9;114.97;117.39;110.7;110.9825;115.83;119.3896;39;10;17
182739;1;30;95.39;94.89;104.06;102.93;110.18;93.85;113.03;38;22;13
182840;2;31;126.59;115.38;112.89;100.35;117.31;113.9;125.73;36;12;11
183034;2;33;122.94;115.31;126.18;108.93;128.6;108.36;125.74;39;10;19
185038;2;31;123.05;112.25;108.06;109.47;118.6504;113.4;106.4497;31;21;21
185139;1;31;129.86;142.11;117.39;101.57;110.88;119.92;114.87;37;22;22
185341;1;24;132.18;117.28;108.06;108.89;106.3371;94.92;110.1555;37;18;15
185442;2;22;119.58;142.11;108.06;109.47;124.2415;125.64;134.631;38;23;21
185846;2;26;97.16;111.54;108.06;106.04;110.6445;86.42;111.5191;37;14;18
185947;1;29;114.39;115.73;108.06;120.32;120.1457;117.2;117.5174;34;20;18
186040;2;26;138.87;119.39;133.93;104.57;140.8416;154.69;140.056;40;22;24
186141;2;31;95.95;107.12;100.43;88.06;107.78;103.01;91.02;31;6;4
186444;1;25;114.35;120.49;112.89;119.72;118.0758;122.72;114.0911;38;21;20
186545;1;34;111.2;105.22;108.06;111.35;103.7439;107.8;114.4487;31;12;10
186848;1;28;104.86;89.47;93.9;109.47;110.8262;97.15;103.4207;31;8;11
187143;2;28;106.28;96.14;117.39;102.38;123.59;87.68;125;37;22;17
187345;1;31;123.23;116.43;126.18;135.55;130.0463;152.77;125.4287;35;19;18
187547;1;32;121.77;125.05;126.18;112.39;113.48;117.87;122.27;38;7;21
187850;2;22;119.87;118.12;104.06;109.04;104.8351;129.82;103.2814;28;20;15
188145;1;32;118.18;96.47;126.18;135.55;124.4889;112.27;123.4163;33;24;20
188347;1;28;113.9;115.38;117.39;116.13;106.23;124.93;102.25;32;11;6
188448;1;25;123.99;112.77;126.18;125.71;122.8005;121.22;125.3169;37;20;20
188549;2;23;112.62;123.46;96.99;100.18;122.2997;90.59;124.1721;30;20;21
189349;1;26;126.58;119.97;108.06;87.75;109.36;117.67;111.17;34;21;17
189450;2;23;103.5;103.64;100.43;104.53;108.1;99.55;109.59;35;6;16
189652;2;30;122.5;89.59;104.06;116.13;117.3556;89.64;111.714;34;20;17
190031;1;27;133.28;111.24;117.39;118.7;123.66;122.7;124.57;36;20;17
191033;1;28;114.32;116.34;104.06;122.66;113.7;115.9;110.88;36;22;17
191235;2;24;117.98;121.28;108.06;101.78;113.1324;134.82;113.7257;36;19;12
191336;2;30;134.24;123.33;126.18;106.4;120.92;131.39;120.4;37;12;19
191841;1;26;111.59;109.37;112.89;101.57;114.12;112.65;114.48;38;19;12
191942;2;27;109.56;98.63;112.89;101.99;125.4275;109.05;112.3828;37;22;17
192035;1;30;107.15;104.56;104.06;106.6;109.4123;105.28;116.0042;36;14;11
192237;1;35;99.01;100.04;100.43;101.57;116.1344;98.16;112.6398;37;16;13
192439;1;34;106;111.68;88.68;82.37;100.79;107.66;104.98;32;9;10
192540;1;28;119.76;114.15;112.89;135.55;105.98;109.84;115.97;31;23;11
192641;1;34;112.65;118.95;112.89;115.73;121.5331;126.95;119.7266;34;16;18
192843;2;28;113.03;124.13;100.43;116.13;119.88;101.28;115.16;38;21;16
193239;1;30;111.26;117.4;100.43;121.82;101.08;123.79;109.25;32;17;15
193845;2;24;116.7;113.07;112.89;135.55;116.529;126.95;105.9446;37;19;14
194140;1;30;104.77;110.9;93.9;88.06;104.42;107.74;107.98;37;5;19
194443;2;27;116.64;109.37;100.43;121.82;117.7173;135.98;124.9449;35;22;17
194645;2;27;116.7;113.75;112.89;121.82;102.9776;77.83;120.9898;32;17;21
194746;2;35;104.98;102.05;108.06;95.17;121.2995;98.16;123.5326;35;16;14
194847;1;34;113.99;112.56;126.18;125.71;117.85;112.26;118.53;36;23;18
195041;1;31;119.58;108.94;100.43;93.31;112.9418;126.95;126.2651;36;16;15
195445;1;26;118.76;108.78;108.06;125.71;118.1443;112.27;125.7272;35;24;20
195647;1;35;108.83;101.27;100.43;113.72;114.96;111.04;110.9;31;17;14
195849;2;25;117.17;107.24;117.39;112;109.72;105.64;111.13;33;18;13
195950;2;30;114.11;118.42;100.43;109.47;105.4997;106.57;110.8987;37;8;21
196144;1;31;120.05;109.29;112.89;112.39;109.99;110.26;122.9;27;16;13
196346;2;27;128.4;118.66;117.39;100.97;115.4399;114.52;106.5689;33;21;22
196750;1;26;114.05;131.28;100.43;122.66;106.88;127.11;106.58;36;15;5
196952;1;29;112.22;98.2;108.06;104.91;124.1364;118.67;120.8528;37;21;12
197550;1;28;104.97;109.37;108.06;98.57;110.23;116.88;106.48;35;9;13
198047;1;30;119.14;105.26;121.89;110.7;121.103;107.8;130.57;33;23;13
198350;2;31;118.66;122.27;121.89;107.69;125.55;120.46;125.66;35;23;21
198451;2;26;118.33;118.28;117.39;102.77;115.48;117.67;111.28;37;18;14
198653;2;23;128.42;124.78;117.39;120.32;110.4944;144.47;120.518;33;14;16
198855;2;26;97.15;96.28;104.06;114.48;104.6;103.83;121.57;37;16;11
199251;1;32;121.25;108.82;121.89;108.93;120.59;116.4;129.43;37;20;11
199352;1;25;121.78;112.45;112.89;125.71;137.5687;138.72;124.1406;38;18;16
199453;2;23;110.55;127.95;121.89;111.35;119.55;116.01;112.25;37;21;15
199655;2;32;108.49;102.16;108.06;106.85;109.03;107.86;112.71;33;12;9
199958;2;31;107.98;113.42;108.06;121.82;121.67;105.08;103.27;31;11;14
200008;1;30;124.39;114.61;117.39;121.82;123.7836;102.91;127.9707;38;18;12
200109;1;32;118.69;124.92;126.18;135.55;115.0595;154.69;117.5935;39;17;17
200311;2;34;113.53;122.4;112.89;107.09;133.6614;89.64;150.705;37;16;15
200513;2;25;120.61;130.09;96.99;116.13;111.694;124.27;120.1667;36;16;14
200614;1;32;115.21;118.42;93.9;107.51;114.08;118.1;108.88;35;15;16
200917;1;23;106.28;95.78;133.93;119.72;117.8552;115.83;123.4622;36;21;19
201111;2;29;98.12;103.14;117.39;111.46;106.93;110;113.69;31;12;17
201414;1;22;108.63;118.81;117.39;92.5;124.13;102.08;130.37;38;17;11
201515;2;26;123.42;122.27;112.89;105.56;125.8662;137.25;122.8524;38;20;16
201818;1;30;109.47;103.76;93.9;112.39;124.12;105.68;118.92;35;18;13
202113;1;23;119.52;124.78;130.38;113.72;114.5398;138.72;124.0158;33;18;15
202719;2;23;118.5;121.09;117.39;118.7;118.2223;137.25;105.4301;35;12;14
202820;1;36;128.6;93.71;96.99;102.18;108.8833;121.22;112.6154;37;8;3
203418;2;29;117.19;109.98;104.06;121.82;129.02;116.75;132.65;38;12;11
203923;1;29;116.94;102.76;108.06;125.07;106.8004;89.64;115.822;32;20;10
204016;1;25;115.72;101.1;112.89;114.48;121.767;104.06;128.6094;36;19;19
204218;2;29;111.93;129.54;104.06;95.03;105.6688;118.67;105.8562;36;18;15
204319;1;27;123.06;109.09;117.39;125.71;119.6225;137.25;114.4496;35;22;20
204420;1;28;107.15;119.39;108.06;101.57;113.2744;113.4;122.0404;37;9;9
204521;1;31;111.51;103.64;104.06;106.04;106.9263;100.29;118.0931;37;20;9
204622;1;30;100;105.15;104.06;112.39;107.8739;91.62;109.2306;39;10;12
205119;2;31;118.53;116.96;108.06;104.57;120.06;94.05;116.61;37;21;18
205725;1;23;143.94;134.24;117.39;110.7;120.11;136.33;116.94;36;20;15
205826;2;31;114.3;104.75;112.89;111.35;121.42;100.95;129.62;38;17;22
206222;2;30;107.03;110.99;108.06;121.82;122.4272;113.4;114.7284;36;21;22
206323;1;33;126.71;110.91;100.43;112;107.2102;124.27;99.88036;40;13;5
206525;2;28;124.48;129.3;126.18;116.13;133.2912;124.27;114.2429;37;23;17
206727;2;25;94.98;102.2;108.06;92.44;106.2063;93.82;104.059;33;8;5
206828;2;22;120.58;121.55;144.5;125.71;118.3779;150.84;129.0995;37;23;21
206929;2;33;120.16;103.76;108.06;90.87;119.7219;111.11;114.555;38;22;16
208024;1;34;104.73;98.53;126.18;109.04;117.03;107.25;118.36;35;21;16
208125;1;26;118.53;130.21;121.89;102.25;120.4676;146.95;130.0979;34;22;21
208226;1;24;107.52;102.37;133.93;135.55;126.13;108.11;123.46;39;18;19
208327;2;30;118.33;126.95;126.18;106.04;117.4496;107.8;113.3058;35;20;15
208630;2;33;106.9;98.87;117.39;125.71;116.5665;101.6;114.4403;35;7;14
209127;1;32;121.2;113.84;121.89;111.35;124.2515;135.98;113.5601;30;14;11
209228;1;29;118.18;111.29;108.06;105.09;128.4495;115.83;134.8629;38;20;18
209329;1;32;113.47;115.31;133.93;135.55;113.0886;117.2;120.7908;39;22;18
209935;2;24;129.69;134.94;93.9;104.34;109.65;105.32;105.64;33;9;19
210011;2;24;125.89;124.78;112.89;116.13;122.99;112.21;121.99;38;17;14
210112;2;25;109.59;98.12;93.9;104.95;114.9571;134.82;119.1651;40;24;18
210617;1;32;113.37;114.97;112.89;104.34;113.03;113.77;124.34;33;16;11
211114;1;30;125.21;114.12;112.89;107.51;99.09957;117.2;97.66769;36;8;9
211215;2;29;134.69;142.11;117.39;113.72;140.9;122.01;150.71;39;21;19
211316;1;31;112.93;103.32;100.43;101.57;116.5653;100.29;124.0462;35;15;15
211417;2;36;129.6;123.33;121.89;103.28;121.67;114.09;129.49;37;13;21
211619;2;27;101.14;108.59;100.43;118.7;126.9043;138.72;121.2301;37;24;21
211821;2;28;116.45;116.83;96.99;107.51;120.3479;113.4;113.545;38;21;14
211922;1;26;122.12;116.12;117.39;135.55;101.0231;135.98;109.6302;36;12;7
212015;2;25;119.42;121.83;130.38;135.55;123.7278;98.16;132.1965;39;22;24
212318;1;34;111.2;123.46;108.06;102.77;115.91;111.47;118.24;33;16;12
212419;1;29;143.94;122.84;100.43;135.55;116.5;107.43;132.65;38;21;20
212823;2;23;119.59;99.86;100.43;88.97;123.8052;125.64;121.4674;37;19;21
213017;2;25;130.33;115.22;104.06;112.39;113.0227;121.22;104.1119;36;19;16
213421;1;26;123.18;113.89;112.89;135.55;109.4712;112.27;107.766;37;20;19
213522;2;26;124.7;119.7;108.06;94.02;130.9884;128.25;115.4713;32;21;16
214019;1;31;109.82;115.08;117.39;125.71;112.48;113.47;121.37;32;15;16
214221;1;25;96.12;109;96.99;114.48;97.82;98.18;108.16;32;9;8
214423;2;23;107.42;118.51;80.79;99.71;112.53;110.93;109.64;29;22;16
214524;2;24;122.29;110.53;130.38;102.09;111.0521;126.95;121.2421;34;20;24
214625;1;34;109.23;126.53;121.89;135.55;127.8408;109.05;120.5228;40;20;18
214726;2;23;126.42;127.35;117.39;118.7;120.23;109.49;121.13;38;21;17
217126;2;24;99.24;106.72;96.99;109.47;106.08;107.86;101.74;37;6;13
217429;1;33;113.36;120.56;126.18;118.7;123.93;110.52;127.56;37;18;15
219231;2;27;115.62;106.37;126.18;92.5;125.59;94.84;124.53;34;21;20
220721;2;28;124.54;120.07;108.06;112;126.0119;144.47;113.2663;37;10;12
221319;1;28;102.9;101.85;88.68;95.07;100.08;107.83;103.63;33;15;18
224022;1;29;109.98;108.46;117.39;105.63;118.16;111.45;118.86;34;14;10
227533;1;33;93.8;93.04;93.9;118.7;116.2984;91.62;108.6897;38;18;8
228434;1;24;114.31;108.78;126.18;119.72;115.2745;89.64;118.6391;35;21;18
231928;1;30;122.01;109.29;117.39;105.6;119.63;127.9;114.57;37;13;14
237334;1;23;107.73;106.83;108.06;118.7;111.5107;88.71;114.7226;38;12;15
238033;2;34;107.73;102.48;104.06;102.25;123.1709;83.25;123.11;34;10;15
239136;1;30;109.2;106.29;93.9;110.7;108.9078;118.67;108.1734;32;15;6
239944;1;32;110.94;95.01;112.89;125.71;119.53;107.32;111.24;32;19;19
245333;1;31;114.06;109.18;121.89;135.55;115.56;118.92;122.86;39;21;14
246133;1;28;109.62;98.96;108.06;116.13;122.97;105.53;100.5;33;18;8
248339;2;26;129.94;119.39;117.39;112;135.7188;145.54;129.5978;40;20;12
249947;1;32;108.1;125.19;96.99;112.39;118.63;116.3;111.32;37;17;22
250932;1;32;114.23;102.83;117.39;120.32;129.4;103.08;127.43;36;19;15
251833;2;32;122.94;116.43;108.06;125.07;133.13;114.9;126.75;33;17;14
255639;1;27;112.12;108.31;108.06;135.55;109.63;119.11;112.84;34;14;13
255740;1;27;103.93;114.97;126.18;109.47;117.5933;114.52;114.8512;36;17;17
256540;1;22;133.36;117.57;112.89;109.04;103.45;114.49;110.72;36;14;16
257542;1;30;102.9;92.88;126.18;119.72;117.6638;115.83;104.3563;37;20;21
257845;2;26;138.87;123.33;117.39;117.32;109.7724;97.15;130.7467;36;20;19
257946;1;28;104.54;115.38;108.06;106.85;101.4552;124.27;107.9568;38;17;17
263436;1;32;97.19;90.61;100.43;135.55;125.4211;99.14;123.4976;34;13;17
268749;2;29;105.69;126.63;108.06;135.55;117.5115;145.54;109.909;35;20;19
268850;1;24;110.66;100.21;108.06;116.13;101.66;109.71;92.47;37;8;6
270332;2;31;125.81;119.16;126.18;102.18;135.7043;122.72;132.9079;29;23;19
274542;1;29;107.69;113.2;100.43;101.51;100.0522;129.82;109.7589;33;7;19
275645;2;24;112.4;108.4;104.06;125.07;120.2309;118.67;109.3343;38;19;15
280739;1;32;113.09;101.27;88.68;101.99;99.46;103.72;99.25;31;7;14
280941;1;29;118.77;114.06;117.39;116.13;129.5655;126.95;126.0497;37;18;15
281135;2;26;114.23;101.35;100.43;84.9;117.6387;122.72;126.5793;39;21;13
283543;2;25;138.87;114.06;100.43;102.09;120.4321;126.95;120.8403;37;20;16
285345;1;33;103.33;100.02;112.89;97.54;110.4541;91.62;106.8626;36;12;11
285446;2;32;124.56;115.87;117.39;116.13;116.7069;140.59;113.473;31;23;22
286347;1;30;93.24;89.75;130.38;125.71;142.8163;96.06;132.9079;37;22;17
286650;2;30;121.3;118.28;117.39;87.1;112.2598;140.59;105.8639;34;20;16
287248;1;30;110.97;95.42;108.06;96.55;109.5754;101.6;111.9305;36;14;12
289555;1;32;125.01;114.23;100.43;114.48;103.8854;92.72;90.08102;34;11;11
290136;1;28;112.65;128.63;130.38;125.07;148.5436;150.84;134.8629;38;22;15
293748;1;34;118.62;122.53;104.06;110.7;115.97;125.79;125.47;36;12;12
297655;1;31;107.52;93.17;126.18;107.51;117.4114;105.28;123.1803;37;20;12
298455;2;24;107.66;97.25;108.06;97.46;104.5004;126.95;108.2916;34;9;9
299154;2;24;105.89;97.58;117.39;135.55;120.644;131.64;129.4478;36;22;14
299760;2;27;97.94;97.81;108.06;119.72;135.9823;113.4;150.705;38;24;20
300618;2;22;126.59;99.89;108.06;135.55;107.61;117.81;122.33;39;17;16
300719;2;30;119.81;107;126.18;135.55;114.5187;144.47;126.1895;37;18;22
303119;1;30;127.11;120.7;100.43;109.4;111.31;108.63;119.5;31;14;11
303624;2;32;107.04;108.94;121.89;135.55;126.54;108.97;131.34;40;22;15
304020;2;35;108.07;122.84;126.18;135.55;114.46;108.86;116.75;38;18;11
304727;1;33;116.08;103.16;133.93;103.59;110.9109;98.16;107.5667;38;16;14
305830;1;25;105;100.42;108.06;108.29;126.7161;125.64;134.8629;36;21;12
307127;1;34;102.03;128.63;100.43;112;123.77;118.07;119;39;18;12
308129;2;24;118.45;142.11;112.89;135.55;104.8783;99.14;103.1086;38;22;16
309636;1;29;132.18;142.11;126.18;135.55;126.2074;113.4;123.4713;39;23;21
310621;1;33;109.67;107.28;117.39;116.13;126.3469;128.25;116.4717;38;15;10
314225;2;24;105.06;107.53;112.89;78.96;106.0165;96.06;104.8443;31;8;9
316633;1;27;118.84;115.57;130.38;135.55;130.65;122.52;149.29;37;15;15
316835;1;28;122.83;119.16;100.43;110.61;111.4419;124.27;108.3182;32;16;8
317332;2;28;111.26;111.1;121.89;120.32;111.4519;138.72;126.5215;37;19;13
318637;2;27;103.82;109.29;112.89;82.37;121.4511;114.52;108.0348;32;20;19
320826;1;32;101.77;108.46;100.43;104.53;116.5188;102.91;119.9434;37;10;13
321323;1;31;107.01;105.63;117.39;108.89;106.914;83.25;114.9479;40;16;21
322224;1;31;113.96;102.83;104.06;96.23;125.4787;110.12;126.8284;39;15;13
325129;2;31;107.65;92.34;108.06;120.32;128.5762;115.83;123.5111;33;22;23
329440;2;30;122.18;110.84;121.89;135.55;114.84;110.18;117.47;38;21;22
329844;2;28;126.59;117.71;108.06;101.99;119.9015;151.81;114.3654;33;18;21
330324;2;27;126.52;110.53;117.39;109.04;119.882;118.67;123.1362;36;19;17
333330;1;34;105.24;102.45;100.43;110.7;115.398;104.06;107.3443;32;17;4
334635;1;24;103.23;116.58;96.99;107.51;118.21;88.35;118.84;34;14;15
336841;2;27;142.78;131.49;100.43;118.7;124.5077;104.06;126.8675;36;19;17
339847;1;29;123.99;109.62;104.06;111.35;122.84;117.98;111.28;36;16;13
341834;2;26;129.84;119.97;104.06;112.39;126.3601;144.47;120.9348;39;23;9
342129;2;27;126.52;111.54;108.06;119.72;122.168;150.84;126.7412;38;21;14
346945;1;23;108.18;121.28;117.39;108.42;108.8866;131.64;117.1111;36;8;10
348545;2;25;109.36;134.18;126.18;112.39;106.6941;145.54;118.3491;35;18;18
349244;2;26;118.71;114.97;112.89;99.71;112.1411;142.84;109.4892;37;19;23
350330;1;24;126.71;113.89;112.89;135.55;115.8581;129.82;117.1544;36;21;17
352738;2;34;129.78;131.35;117.39;101.51;114.89;123.98;134.86;35;18;17
353740;2;22;132.18;110.46;100.43;125.71;112.3109;140.59;110.9647;39;20;16
356948;1;29;99.49;121.18;121.89;109.04;118.2;112.24;119.15;35;22;10
358144;1;30;122.33;117.4;117.39;116.13;114.167;144.47;108.5283;36;10;7
360030;1;32;125.88;103.81;112.89;116.13;117.2165;138.72;126.7576;39;19;16
361234;1;35;115.16;101.93;108.06;107.51;114.3264;92.72;118.1379;38;10;18
361941;2;27;118.76;116.72;100.43;112;121.5;121.97;128.43;36;21;14
365343;1;29;125.86;120.36;108.06;118.7;133.5008;111.11;122.274;39;15;15
366042;1;26;124.42;127.29;117.39;110.13;123.72;111.26;123.78;40;14;20
368551;2;27;126.06;123.33;100.43;100.08;125.9377;113.4;119.8468;35;17;6
368753;1;33;128.95;112.56;117.39;111.46;130.9731;150.84;129.6218;33;12;16
371843;1;31;106.1;106.59;112.89;113.72;117.14;111.81;111.27;31;15;17
376247;1;29;119.81;105.85;104.06;135.55;116.4992;129.82;122.6058;37;20;22
377451;1;26;107.32;101.21;108.06;116.13;117.54;117.24;124.74;37;18;11
378857;1;33;104.34;118.51;112.89;106.85;123.2775;101.6;123.1061;34;17;11
379657;1;26;107.79;111.04;100.43;118.7;115.3796;111.11;123.0173;39;16;19
380036;2;28;120.64;117.09;121.89;135.55;125.42;124.78;125.76;38;21;22
381038;1;30;108.11;109.72;100.43;110.7;108.8521;124.27;114.4867;36;11;14
381543;1;24;121.3;117.28;130.38;121.82;110.9665;138.72;112.1068;39;13;17
385046;2;28;108.63;106.29;93.9;101.64;120.3897;98.16;118.5012;35;16;10
385450;2;28;116.16;113.61;121.89;121.82;116.6;114.12;121.93;39;22;20
386250;2;24;101.79;111.1;117.39;96.23;125.75;103.02;124.22;30;24;15
387959;2;26;130.31;104.16;121.89;125.71;107.0357;101.6;119.3614;33;8;20
389357;1;28;81.27;100.57;117.39;125.71;111.8796;140.59;113.9523;34;11;16
391748;1;31;129.46;130.09;117.39;114.48;111.4085;140.59;108.1461;38;17;12
392750;2;32;115.03;128.76;117.39;135.55;123.9379;131.64;122.6647;36;21;16
393550;2;27;143.94;130.09;112.89;109.4;112.432;131.64;119.3878;37;23;14
394956;1;29;119.05;106.59;96.99;94.02;106.2325;124.27;88.30461;37;19;11
395251;1;28;115.22;115.16;108.06;104.95;137.458;110.12;131.344;40;21;18
395756;1;35;110.09;108.94;93.9;112.39;120.8237;112.27;111.0214;37;13;9
397154;1;29;113.18;106.97;130.38;118.8;133.16;120.63;133.35;35;21;19
397760;2;31;121.88;115.57;104.06;110.7;119.41;117.29;117.47;36;22;12
401422;1;32;136.1;120.9;130.38;116.13;118.3448;140.59;120.9707;38;19;19
406432;2;27;98.1;119.7;108.06;125.71;112.1483;126.95;120.9966;36;15;16
406836;1;31;115.43;106.72;117.39;100.97;115.9536;124.27;114.1835;35;13;12
412528;1;33;125.25;115.66;100.43;135.55;114.22;108.72;110.64;27;19;16
413934;1;33;98.58;104.78;117.39;98.57;130.2894;107.8;124.0304;40;21;19
414229;2;33;121.78;119.02;130.38;109.04;112.38;123.47;113.57;34;20;12
415837;1;23;117.1;109.26;100.43;115.73;114.38;122.43;101.47;40;10;12
419239;1;28;112.02;103.04;108.06;104.95;108.3897;119.98;97.70713;36;18;14
421226;2;34;111.96;124.78;100.43;104.47;123.1792;129.82;127.2061;35;24;19
422632;1;24;123.59;107.18;117.39;95.03;116.03;106.69;116.73;37;15;18
424939;2;28;129.94;126.74;108.06;95.39;124.0227;104.06;129.4052;33;18;23
429040;1;34;121.25;120.07;80.79;125.71;149.5326;119.9;121.0644;38;17;14
432332;1;33;108.39;99.55;112.89;135.55;118.2358;140.59;116.6336;37;21;22
436239;1;29;102.83;99.41;108.06;120.32;114.92;112.17;110.12;37;15;17
436845;1;26;116.55;105.51;96.99;111.46;123.13;108.62;121.82;38;11;18
441939;1;27;125.09;122.53;112.89;119.72;119.4397;104.06;126.5796;37;12;14
445543;2;30;128.87;122.84;100.43;95.42;105.29;113.03;114.35;33;7;17
448347;2;26;128.43;132.75;117.39;108.89;129.64;121.85;122.4;34;21;14
449753;2;25;114.85;115.66;112.89;108.04;119.2111;124.27;117.1229;38;20;16
453441;2;33;115.96;123.46;108.06;108.04;125.6077;135.98;118.8979;32;16;16
454140;2;33;119.76;94.19;104.06;87.75;118.2113;115.83;93.71238;31;7;7
456346;1;22;103.28;115.66;108.06;108.89;116.0233;96.06;119.8704;36;19;15
459453;1;29;116.47;108.78;96.99;90.25;114.1966;125.64;125.3793;40;10;13
461743;2;29;102.39;99.34;112.89;90.25;111.4476;117.2;99.953;38;9;15
463040;1;31;99.31;93.31;108.06;122.66;118.558;115.83;125.9491;37;23;13
467351;2;31;123.13;113.5;117.39;118.7;124.51;111.97;114.62;37;18;20
469961;1;30;119.67;107.18;117.39;118.7;121.2793;152.77;118.0655;39;22;19
475855;1;29;106.99;105.26;108.06;106.4;127.6883;104.06;126.0508;34;15;19
479762;2;24;107.29;101.98;104.06;97.65;117.47;96.2;120.5;29;21;24
480141;1;25;127.22;111.64;100.43;119.72;100.51;119.21;104.49;39;18;16
481042;1;32;106.43;93.29;112.89;116.13;112.9854;98.16;110.5941;36;15;13
481951;1;23;122.18;127.73;108.06;114.48;115.3583;134.82;124.8643;39;15;11
485757;1;34;116.16;118.51;126.18;135.55;118.18;119.34;119.97;38;18;18
486759;2;34;111.94;114.15;108.06;95.17;118.57;122.36;118.18;32;21;21
497865;2;29;123.76;105.72;96.99;90.87;113.09;109.73;135.29;35;20;8
499566;1;28;143.94;119.16;117.39;125.71;129.16;118.38;128.54;37;20;21
500222;1;26;125.34;115.92;100.43;108.29;110.39;128.98;119.99;36;22;15
506234;2;27;111.38;122.08;117.39;104.34;127.1319;119.98;127.9873;31;19;19
510326;1;29;120.61;106;93.9;99.01;108.95;114.52;107.66;36;10;10
512835;2;32;111.83;104.75;117.39;98.57;123.8346;114.52;126.8461;31;19;10
513130;1;27;106.13;94.89;112.89;94.1;110.2865;99.14;102.2089;28;9;16
513736;1;25;122.83;132.04;117.39;112;132.9748;128.25;132.6527;40;22;15
516742;2;31;116.64;104.08;117.39;104.53;123.1806;83.25;127.445;34;21;19
517239;2;23;115.84;112.56;100.43;135.55;106.4464;106.57;107.7348;39;20;17
518746;2;25;104.57;115.38;100.43;119.72;106.6806;107.8;105.7936;37;17;13
519647;2;29;92.72;90.5;108.06;104.53;120.0856;92.72;94.79874;34;20;11
519950;1;33;109.42;103.6;112.89;104.34;113.41;114.69;111.28;38;22;12
520228;2;22;100.6;88.07;121.89;105.09;116.9727;115.83;119.8455;37;15;16
522434;1;27;114.05;125.19;112.89;135.55;116.77;120.42;112.05;36;20;18
523032;2;32;120.07;115.73;108.06;103.28;131.3907;115.83;129.8721;38;20;16
524135;2;23;133.54;133.58;126.18;113.72;107.09;151.81;109.0726;36;21;16
525541;1;30;129.94;120.49;108.06;135.55;124.7796;145.54;119.427;40;15;16
529549;1;26;115.79;101.35;112.89;125.71;102.5349;129.82;104.2302;38;20;19
529953;2;26;109.67;118.28;117.39;101.78;118.7449;96.06;121.1285;39;21;6
530635;2;30;111.94;101.99;104.06;122.66;124.8;102.79;120.5;38;20;14
531536;2;31;116.89;112.65;100.43;102.77;126.12;96.35;128;29;20;16
531940;1;22;112.6;113.42;100.43;120.32;137.4778;150.84;126.0068;35;21;15
536647;1;33;99.43;94.99;96.99;104.91;104.9284;78.78;101.1404;36;11;10
540436;2;35;111.14;127.5;93.9;97.8;124.1341;84.34;143.8197;40;22;15
541640;2;26;129.82;125.61;126.18;135.55;142.8046;105.28;143.5944;40;23;23
541943;1;28;114.55;107.48;112.89;105.63;106.74;108.78;112.91;36;20;19
545345;2;31;107.15;103.6;108.06;88.97;118.87;93.56;127.27;37;20;20
547046;1;28;107.6;98.8;121.89;105.09;117.24;106.39;110.03;34;22;14
548250;2;23;129.6;125.46;121.89;94.1;105.6911;133.26;134.8629;33;19;22
552241;2;25;99.88;95.69;96.99;90.7;100.1758;102.91;92.12576;38;15;5
552544;1;35;112.9;107.82;93.9;88.06;107.63;110.63;105.59;22;12;13
553344;1;33;97.26;100.04;117.39;120.32;129.4895;91.62;122.3441;34;23;18
555651;1;34;117.31;118.42;96.99;108.93;122.5177;105.28;111.9075;39;14;10
555954;2;29;118.76;115.12;117.39;101.51;111.3276;119.98;100.8923;38;11;20
557857;2;25;118.74;127.73;100.43;110.7;114.6213;124.27;108.795;34;19;11
558657;2;22;117.23;96.75;108.06;95.73;130.9032;105.28;125.763;38;20;21
558960;1;33;110.27;102.99;112.89;101.57;125.2023;121.22;120.5834;34;22;13
559053;1;35;117.13;121.42;112.89;114.48;114.12;100.96;117.1;36;23;13
559457;2;35;112.89;103.69;112.89;94.02;121.6165;113.4;113.292;37;22;15
561242;1;24;122.94;115.22;126.18;135.55;118.64;119.31;120.51;39;15;17
561444;2;23;121.3;122.27;117.39;107.69;107.5462;138.72;126.2751;39;21;24
561949;2;26;138.23;118.42;126.18;135.55;110.173;142.84;110.4088;35;20;11
562446;1;32;103.01;100.64;112.89;109.04;119.7413;102.91;123.7926;30;11;13
565452;1;25;113.39;105.51;93.9;110.61;110.06;114.14;105.57;29;8;3
566454;1;27;119.5;115.38;130.38;118.7;113.5189;112.27;114.7428;34;20;10
567052;2;33;120.05;103.54;130.38;125.71;133.17;105.32;115.87;33;15;21
567759;1;30;128.41;120.49;133.93;116.13;112.985;134.82;113.5097;39;22;14
567961;1;22;111.55;114.29;100.43;104.34;110.1721;100.29;104.4426;33;8;20
568963;1;31;118.23;129.54;104.06;109.96;132.41;119.63;125.04;35;11;14
570243;1;27;109.02;108.14;117.39;135.55;110.57;109.78;102.94;36;15;18
571144;2;25;133.57;126.74;137.98;106.85;123.2734;151.81;130.7467;35;16;13
572045;1;33;122.46;106.78;104.06;125.71;116.8439;94.92;107.1665;38;14;12
573249;2;30;128.03;131.82;121.89;108.42;116.74;123.59;112.07;36;19;17
573451;2;22;122.88;131.94;108.06;125.07;127.5815;126.95;125.999;38;24;20
578057;1;27;100.58;110.3;93.9;118.7;107.7722;112.27;106.2737;29;20;16
579665;1;34;105.85;111.54;104.06;102.18;104.42;102.17;104.68;30;7;8
579867;1;32;118.76;105.94;144.5;121.82;110.3327;112.27;119.9208;38;18;19
580044;1;30;116.98;107.53;108.06;108.89;115.47;118;114.58;34;22;17
580347;1;28;107.04;122.95;112.89;99.4;104.89;107.21;106.17;36;18;16
580650;1;33;116.8;118.28;93.9;102.18;110.4382;117.2;125.3465;38;18;12
580751;2;24;124.39;135.02;126.18;116.13;125.4024;126.95;117.0686;40;23;22
581450;2;23;143.94;125.71;117.39;125.07;113.3793;144.47;125.8265;36;19;16
583858;2;32;115.75;99.73;96.99;100;105.18;118.87;109.5;38;16;13
585256;1;35;101.17;94.32;88.68;95.73;96.55882;104.06;92.54828;40;10;9
585862;1;27;115.56;118.19;104.06;108.89;109.12;116.06;95.25;35;11;10
586460;1;26;128.41;121.42;93.9;135.55;111.12;105.69;105.29;38;18;6
587664;1;26;112.74;109.72;117.39;114.48;103.6719;102.91;114.8035;35;17;15
588565;2;33;103.3;121.18;108.06;91.62;112.1409;131.64;104.7151;33;7;17
589567;2;25;130.02;108.46;117.39;135.55;98.67896;92.72;119.5151;36;20;16
590047;2;23;115.77;122.08;100.43;101.48;122.7311;100.29;124.3315;37;19;21
592455;2;35;117.02;108.52;93.9;135.55;115.39;111.2;125.99;30;17;14
594156;2;29;119.93;142.11;96.99;125.71;121.3246;98.16;114.165;36;7;17
597869;2;32;109.59;101.93;117.39;95.13;117.5233;125.64;126.7377;36;22;20
598568;2;26;126.42;128.76;108.06;135.55;128.39;124.52;134.79;39;14;19
599065;2;24;138.38;116.83;108.06;125.71;110.05;125.22;123.99;33;18;19
599469;1;32;123.78;117.89;93.9;88.97;107.89;102.51;115.79;32;20;19
599671;2;27;123.4;127.95;93.9;97.46;113.14;104.07;123.8;35;15;12
601127;2;22;119.76;135.1;130.38;120.32;121.1434;129.82;130.7911;35;23;20
604537;2;23;121.72;125.78;117.39;109.47;136.049;131.64;119.6239;40;22;17
611938;2;22;118.76;115.73;108.06;107.09;127.6962;144.47;129.4115;31;23;19
613538;1;27;113.13;99.48;121.89;113.72;117.17;110.14;114.38;37;21;15
615441;2;25;107.51;94.72;91.07;95.65;110.3255;93.82;104.6949;35;10;17
615744;1;30;114.38;115.12;108.06;121.82;109.1192;146.95;112.4368;34;17;8
616645;2;25;115.85;87.79;126.18;135.55;125.7132;96.06;131.344;36;23;18
617748;1;30;110.82;106.95;108.06;112;120.3895;112.27;126.8465;38;15;11
618952;2;22;100.89;91.72;117.39;135.55;115.6296;97.15;112.3592;35;20;16
620434;1;29;113.2;105.81;117.39;104.95;118.15;112.38;106.9;39;12;6
622236;2;23;114.95;115.5;104.06;104.57;113.6821;118.67;119.6187;31;12;8
623844;2;26;133.93;119.7;121.89;118.7;103.07;122.44;121.97;32;19;12
626648;1;25;116.94;114.06;126.18;93.23;133.7276;126.95;123.217;35;22;19
627852;2;28;105.43;98.07;112.89;121.82;121.7409;102.91;120.6847;36;21;17
628248;2;26;118.13;104.54;130.38;105.09;117.4663;115.83;125.3596;39;19;20
634748;1;22;139.01;116.85;112.89;118.7;137.4778;137.25;134.7757;39;24;20
635245;2;30;111.29;103.04;121.89;118.7;127.8158;113.4;118.6812;37;22;18
638049;1;32;106.54;108.4;112.89;125.07;119.29;100.96;120.31;35;21;10
644246;1;35;103.9;94.11;117.39;101.51;119.9684;94.92;112.287;38;21;12
645450;1;30;114.09;106.41;126.18;135.55;116.4542;115.83;114.4602;37;23;18
645551;1;25;106.48;100.04;121.89;135.55;118.31;71.74;113.82;30;20;9
647858;2;27;112.44;110.3;100.43;135.55;114.9331;129.82;125.3818;40;20;13
654350;1;30;108.82;117.28;108.06;114.48;135.6389;119.98;132.921;39;12;18
654552;1;31;121.28;108.14;112.89;108.93;111.4654;142.84;111.7691;38;20;19
654754;1;34;126.04;117.09;100.43;125.07;102.32;110.81;100.03;36;8;4
656253;2;28;122.09;110.74;121.89;104.95;124.1626;104.06;125.3274;37;21;21
656657;2;25;113.15;119.39;108.06;98.57;116.7232;98.16;118.4551;35;21;15
657659;1;23;108.28;106.78;96.99;108.89;124.1021;151.81;112.033;40;22;13
660951;1;30;99.99;105.2;121.89;125.71;121.6853;86.42;103.0834;36;13;12
663755;1;25;126.65;109.62;108.06;97.46;116.7398;119.98;125.1381;39;22;19
664757;2;26;120.38;112.7;108.06;115.73;106.8153;106.57;90.02322;30;13;9
665254;1;33;127.52;120.7;117.39;118.7;110.02;114.97;115.01;37;20;18
667056;2;22;128.85;116.83;126.18;125.71;113.9938;128.25;107.0149;36;20;12
668361;2;31;119.62;118.28;108.06;102.38;109.9828;117.2;126.7189;39;7;16
671855;2;27;104.88;114.12;121.89;135.55;126.2156;122.72;126.1058;36;19;22
672756;2;33;129.19;118.15;121.89;83.66;112.13;113.26;109.32;34;20;14
673455;1;35;105.99;107.82;133.93;135.55;121.5555;133.26;127.4157;38;23;17
675661;2;31;106.64;105.85;133.93;101.64;121.217;137.25;110.9038;37;15;6
677766;2;29;123.42;99.55;112.89;113.72;119.0355;115.83;121.4681;33;16;19
679568;1;29;120.05;120.7;108.06;125.71;122.7243;137.25;118.6265;38;24;20
679770;2;26;109.7;112.21;96.99;113.72;104.1698;125.64;106.7394;33;9;14
680452;1;35;95.56;103.64;108.06;101.57;110.6525;109.05;120.0696;40;11;15
683256;1;30;127.93;119.25;93.9;105.56;121.44;119.83;124.43;37;13;11
685058;2;33;112.86;116.96;108.06;115.73;121.72;116.81;131.34;34;21;14
687163;2;22;118.6;104.72;126.18;125.71;116.6664;118.67;111.8073;38;20;16
690152;2;30;133.12;129.71;117.39;125.71;130.78;121.44;129.12;38;23;21
692964;2;25;109.19;119.16;104.06;103.93;108.4124;114.52;105.4079;37;10;17
693764;2;31;119.69;103.46;117.39;95.13;120.3936;96.06;127.3352;38;18;14
694362;1;22;102.35;96.25;108.06;107.69;110.9772;129.82;118.4842;36;16;4
695768;2;27;107.06;98.48;104.06;98.57;100.4121;115.83;100.6038;37;20;17
700634;2;30;129.89;115.73;108.06;110.13;117.965;138.72;104.7909;32;18;18
702133;1;34;107.73;101.82;130.38;122.66;113.14;103.52;114.33;37;23;19
704238;2;26;114.89;108.08;108.06;106.6;121.77;121.61;128.77;39;11;22
705341;2;33;110.45;111.89;108.06;135.55;130.62;120.97;123.76;36;24;20
707749;2;32;98.58;116.22;100.43;121.82;119.4351;117.2;111.1425;32;8;16
709551;1;33;123.13;121.64;126.18;135.55;119.674;140.59;120.8525;36;19;15
715041;1;32;101.33;111.15;104.06;97.46;101.7915;107.8;103.0799;37;19;11
715647;1;33;125.06;120.56;126.18;135.55;122.38;116.36;126.44;35;14;18
715950;1;29;113.06;107.48;112.89;135.55;116.5789;126.95;127.3842;32;18;17
720337;2;23;126.59;126.01;104.06;113.72;112.9808;144.47;126.9333;34;24;24
723141;2;31;110.87;107.18;112.89;105.63;130.8386;107.8;122.4627;40;22;15
724446;2;24;125.09;122.95;121.89;116.13;129.2438;133.26;125.4318;35;21;18
725751;2;29;106.14;124.92;121.89;95.13;108.15;103.4;102.52;34;16;12
727553;1;27;122.23;116.22;121.89;111.46;135.7043;109.05;140.056;38;15;14
727654;1;25;108.63;117.71;117.39;109.47;115.5;113.91;110.72;34;18;7
728454;2;22;125.81;112.21;108.06;109.04;129.9566;135.98;112.7433;32;10;19
729254;2;25;108.08;107.48;108.06;98.57;115.42;103.8;109.27;35;12;12
729557;1;24;111.01;117.09;108.06;91.62;112.81;111.39;113.22;35;12;18
731140;1;31;119.45;130.09;121.89;125.71;112.2355;118.67;111.7999;39;8;20
732243;1;32;109.36;101.1;121.89;135.55;123.86;111.74;123.47;39;21;18
734045;2;23;133.93;127.53;121.89;119.72;120.49;112.82;129.21;38;9;12
737960;1;24;127.95;114.8;112.89;105.6;125.0669;144.47;128.9706;40;21;17
742549;2;27;125.14;107.82;104.06;91.62;112.8504;126.95;113.661;38;22;19
744553;1;31;107.22;97.65;112.89;112.39;115.7736;110.12;125.9736;35;18;11
748258;1;25;143.94;119.16;112.89;97.46;107.95;126.95;110.94;34;18;14
749058;2;24;112.52;119.7;137.98;122.66;120.0951;134.82;117.5717;38;24;23
749361;1;29;119.17;104.59;93.9;92.14;116.26;121.47;123.73;35;10;11
751348;2;26;114.13;116.72;117.39;102.77;120.06;107.67;135.73;34;21;19
751550;1;29;107.35;107.92;100.43;93.55;128.4837;97.15;130.3805;38;14;16
753150;2;23;130.44;112.21;117.39;125.07;113.7765;113.4;126.8726;40;20;23
753251;2;29;132.68;120.63;112.89;113.72;117.63;124.77;121.28;30;20;14
756055;2;25;106.51;91.5;96.99;122.66;103.74;101.58;111.52;36;11;13
757764;1;36;101.25;91.03;117.39;122.66;135.8287;113.4;122.3495;39;22;16
759869;2;34;122.46;110.78;126.18;108.89;128.67;106.64;124.23;35;13;20
761957;1;30;116.53;122.84;112.89;125.71;120.2;124.09;128.78;40;21;17
763557;2;27;114.04;113.5;130.38;125.71;137.489;106.57;130.4456;36;22;14
765056;2;26;98.61;111.68;130.38;116.13;134.96;111.36;125.32;36;24;20
765864;1;29;111.29;107.04;121.89;114.48;128.147;106.57;140.3496;38;23;20
767464;1;30;111.2;114.7;108.06;94.1;119.6124;98.16;121.7059;40;16;14
769064;2;27;118.71;123.33;108.06;125.07;124.2677;96.06;123.9672;31;21;10
770352;1;29;121.41;114.06;104.06;98.06;120.91;105.63;107.1;36;22;13
771354;1;26;128.57;119.58;130.38;135.55;130.05;129.49;128.17;36;22;18
773257;2;28;121.37;106.66;108.06;106.6;119.8017;119.98;120.3751;36;17;23
774663;2;28;107.93;94.89;121.89;135.55;118.6114;131.64;112.8618;34;23;21
782561;1;32;121.94;113.2;108.06;119.72;112.1803;129.82;107.1213;37;21;15
783462;2;24;113.81;111.75;121.89;135.55;117.2322;135.98;123.6347;34;21;18
784565;1;26;116.67;107.87;93.9;125.71;118.09;106.99;112.59;32;21;16
788674;1;35;99.44;115.12;84.63;109.04;118.503;138.72;111.9881;36;11;8
789373;2;28;128.43;129.71;126.18;125.71;112.1385;138.72;116.625;39;20;21
792564;1;31;116.76;113.2;112.89;102.93;113.53;112.49;111.47;38;16;19
792766;2;32;104.41;100.27;112.89;99.4;119.69;114.08;119.15;29;16;13
793465;2;25;130.22;124.78;104.06;115.73;110.309;125.64;128.4279;38;17;15
800941;2;30;128.57;125.71;112.89;125.71;115.1827;129.82;110.484;28;17;12
802844;1;25;123.75;108.94;108.06;116.13;101.2207;112.27;90.92554;38;10;10
803240;2;22;110.55;114.12;108.06;116.13;110.8964;140.59;134.8629;39;13;15
809252;1;27;136.1;126.63;108.06;115.73;110.5163;111.11;112.3585;39;18;20
812746;2;22;110.53;113.25;112.89;121.82;94.57166;105.28;90.25671;37;11;11
814548;1;31;100.69;99.86;121.89;116.13;112.885;94.92;115.2644;36;18;7
814649;2;29;110.3;109.18;108.06;111.46;114.55;119.66;90.26;31;19;13
815247;2;26;122.94;116.57;126.18;120.32;124.1231;80.95;126.995;34;23;19
816653;1;23;103.56;102.48;108.06;115.73;115.23;119.91;126.42;40;21;18
818455;2;32;108.37;112.65;117.39;118.7;145.2744;124.27;133.4353;35;24;24
818859;2;34;103.45;104.95;100.43;76.42;122.8073;115.83;115.6984;32;10;16
820745;2;32;107.69;101.5;108.06;99.41;114.0458;105.28;129.1732;33;14;15
825048;1;34;107.9;113.97;121.89;119.72;117.0847;105.28;114.3253;35;21;12
825553;2;28;112.66;111.04;126.18;114.48;123.1966;121.22;119.0665;36;22;17
825654;1;31;124.56;108.14;117.39;90.52;110.611;114.52;102.532;34;11;6
826353;1;30;124.33;100.06;108.06;135.55;126.37;116.41;126.73;39;21;18
826454;1;26;120.38;116.22;117.39;102.89;137.5248;114.52;119.0828;39;21;21
827052;1;29;128.43;114.61;112.89;101.99;118.6673;144.47;122.2201;38;19;16
828862;1;29;110.66;104.13;108.06;135.55;122.3657;121.22;124.5469;35;21;17
832651;2;25;107;115.57;112.89;102.56;125.0357;113.4;127.9761;36;20;15
833148;2;27;114.71;112.38;112.89;95.73;121.42;110.2;117.72;32;16;21
835657;1;32;107.62;104.82;96.99;107.51;109.7278;102.91;97.46078;33;16;5
837560;2;30;115.48;122.95;96.99;102.77;121.77;98.27;111.3;29;12;18
841349;1;27;109.65;98.37;121.89;102.18;113.8779;111.11;119.13;36;21;15
843151;2;29;102.73;102.37;112.89;109.04;128.0781;110.12;123.7801;34;21;15
844961;1;33;106.99;100.88;100.43;109.96;118.0032;97.15;106.207;35;15;15
845458;1;31;110.59;109.37;117.39;112;117.3981;100.29;112.4593;37;18;12
849264;1;32;107.45;94.69;96.99;102.93;110.9394;100.29;130.739;38;9;8
849971;2;25;100.12;111.15;100.43;95.73;123.85;108.16;120.19;32;23;12
852455;1;29;125.08;120.9;126.18;112.39;121.5183;121.22;117.6974;31;19;13
856766;1;33;118.72;112.38;108.06;104.57;99.33;113.3;96.26;33;10;9
857263;2;22;118;92.73;93.9;92.36;92.04;100.57;105.38;39;8;3
859671;1;31;99.16;93.16;130.38;101.51;122.06;109.07;114.49;32;19;15
861456;1;32;106.99;120.36;100.43;107.69;113.38;112.5;113.48;39;7;17
865363;2;24;128.45;117.18;108.06;99.24;111;113.13;112.59;36;20;17
867468;2;23;109.44;109.37;108.06;110.13;97.61468;117.2;97.31197;29;9;12
870861;2;31;118.71;108.4;121.89;108.04;121.3197;121.22;120.5173;34;12;14
871762;2;28;111.55;104.82;130.38;121.82;124.8534;102.91;127.6141;37;18;19
871964;2;30;119.07;105.15;117.39;93.97;142.8;103.81;150.71;40;23;20
872158;1;27;125.55;123.22;121.89;101.57;122.88;122.48;120.59;40;21;12
872562;1;31;131.62;102.64;108.06;97.92;123.8497;94.92;118.416;33;19;15
872764;1;27;111.57;111.68;100.43;107.51;117.52;123.85;116.18;34;17;17
873968;1;23;124.56;126.63;112.89;118.7;135.6653;111.11;111.8254;37;21;21
877168;1;35;101.38;114.23;126.18;108.29;119.72;104.88;109.72;37;14;12
877269;1;23;114.42;105.81;93.9;94.31;101.94;111.91;103.58;38;15;20
878776;2;25;116.34;118.28;121.89;125.71;123.015;149.88;129.4519;39;20;16
878877;2;28;105.83;111.54;84.63;95.17;132.6469;118.67;126.5767;37;19;14
880157;2;31;122.15;112.09;121.89;104.53;123.1615;137.25;124.4665;38;16;22
882161;1;29;107.04;119.7;121.89;112;109.4431;100.29;114.157;36;7;5
884064;1;35;108.09;106.66;100.43;104.53;119.8196;109.05;126.5796;36;21;19
885975;1;28;127.03;107.24;80.79;120.32;120.14;108.59;124.94;39;20;14
886674;2;22;120.88;136.02;100.43;115.73;123.8137;94.92;132.6527;33;23;23
887373;1;35;128.45;117.28;112.89;112.39;117.03;124.18;129.62;38;15;17
888678;2;29;116.23;97.88;117.39;119.72;128.6579;137.25;135.7456;38;23;15
889579;2;33;110.71;119.39;108.06;102.25;123.75;120.18;122.97;37;10;13
891667;2;26;107.8;94.96;96.99;98.57;113.7421;104.06;109.1613;39;20;10
894067;2;34;130.49;117.18;121.89;95.03;108.3378;133.26;122.6249;32;11;15
894673;1;28;118.77;106.37;126.18;108.89;109.89;104.79;117.75;34;18;17
894774;2;27;131.62;109.9;117.39;102.09;140.8151;145.54;135.7891;38;19;18
896778;1;32;108.63;111.89;126.18;135.55;119.28;110.33;113.84;32;14;8
896879;2;30;107.34;122.4;112.89;118.8;104.93;110.91;112.97;36;20;10
898176;2;33;118.59;134.18;108.06;122.66;125.9386;121.22;110.6268;34;14;19
899885;1;26;130.44;113.75;117.39;98.02;120.11;121.9;126.67;39;20;15
901139;1;28;122.87;113.5;126.18;114.48;117.01;126.83;112.21;34;18;15
901442;1;29;108.13;118.42;108.06;121.82;123.1737;111.11;125.1485;38;18;14
902242;1;36;117.96;107.98;108.06;125.07;121.7991;114.52;123.3236;38;22;13
904044;1;35;111.43;111.24;96.99;120.32;116.3;110.33;112.31;36;13;14
905147;1;36;114.09;107.48;108.06;125.07;116.1135;124.27;128.0415;37;21;20
907656;1;32;130.15;114.97;117.39;135.55;112.2165;115.83;111.3878;36;11;11
908860;2;28;115.29;114.97;144.5;102.09;130.8818;114.52;135.9465;38;22;14
910241;2;30;104.63;92.08;117.39;102.89;118.14;103.24;119.07;37;21;24
910443;1;28;138.82;121.83;117.39;125.71;122.991;133.26;122.4565;38;21;21
911849;1;34;93.43;116.34;112.89;115.73;123.6109;111.11;121.2175;39;18;22
912447;2;27;112.37;108.25;93.9;87.2;112.2666;114.52;109.4165;37;12;12
917255;2;33;122.35;119.97;117.39;104.53;119.67;115.01;134.86;36;19;9
917558;1;35;113.58;97.68;126.18;108.04;114.2385;124.27;113.5625;33;15;13
923755;1;30;118.69;116.43;117.39;95.03;112.1132;122.72;119.1287;35;19;15
926862;2;27;108.91;125.71;126.18;93.16;121.5768;82.08;120.0296;28;19;24
927359;2;25;122.83;107.28;126.18;118.7;110.2059;126.95;113.4772;38;20;17
930449;1;22;117.82;110.63;96.99;103.25;111.21;117.57;114.29;37;15;17
932554;2;28;108.73;108.31;117.39;116.13;116;110.06;124.69;37;19;12
933253;1;30;138.87;120.07;121.89;122.66;121.8092;138.72;124.1825;39;21;13
942658;2;29;143.94;135.02;126.18;113.72;123.8913;140.59;122.0112;40;22;10
943862;2;27;123.42;119.39;104.06;97.65;120.4706;150.84;126.1751;33;13;21
951457;1;33;128.44;114.2;91.07;125.71;111.56;114.03;110.79;34;13;13
952863;1;23;119.16;99.32;121.89;135.55;106.503;106.57;119.1184;39;19;14
955465;2;27;124.87;120.07;100.43;112.39;103.231;121.22;108.5013;32;8;24
957974;1;28;124.2;108.14;100.43;118.7;116.37;112.02;109.54;36;16;15
958976;2;29;103.29;107.92;108.06;92.5;119.56;108.47;114.49;30;14;12
959574;1;28;104.85;100.12;93.9;103.28;126.33;125.83;131.34;40;16;14
962058;2;26;116.67;116.01;96.99;108.93;99.82428;118.67;104.0624;36;10;20
965367;2;32;119.17;97.48;100.43;117.32;112.5249;133.26;121.1627;35;15;19
966975;2;23;113.18;107.12;108.06;112.39;98.60051;122.72;97.95284;34;14;11
969476;2;32;109.27;106.32;112.89;122.66;104.2118;131.64;105.3674;35;19;12
970764;1;22;117.31;119.39;117.39;135.55;125.617;119.98;136.0055;39;16;22
971160;2;27;118.71;123.33;108.06;125.07;130.8161;122.72;127.9889;27;17;16
978578;1;34;94.9;112.13;100.43;135.55;121.01;103.68;119.17;39;20;7
979984;1;34;101.21;103.78;112.89;115.73;119.57;87.6;108.0226;37;14;9
983773;2;28;122.83;124.4;117.39;108.04;137.52;116.07;123.52;35;24;14
984472;1;28;122.17;125.71;93.9;135.55;123.69;120.44;130.74;40;22;21
987074;2;24;117.45;124.78;104.06;135.55;112.0597;140.59;119.3207;38;23;22
987983;1;27;115.28;119.16;112.89;105.63;120.01;107.88;130.75;36;22;8
989987;2;33;117.59;114.12;117.39;135.55;120.1907;102.91;111.4828;32;20;16
990366;2;22;122.18;112.21;104.06;109.96;112.9724;146.95;94.23567;35;10;10
991267;2;30;136.1;126.53;121.89;105.63;123.14;119.54;125.39;33;23;19
992673;1;33;94.96;94.87;100.43;96.55;118.4463;104.06;117.9919;34;21;11
992774;2;35;126.37;124.64;96.99;89.89;106.09;114.31;108.69;34;14;9
993675;1;29;120.35;116.43;121.89;108.89;135.6653;113.4;129.408;38;21;21
994273;2;30;112.17;123.22;108.06;87.1;122.3772;83.25;141.3166;31;20;13
996782;1;28;117.78;102.43;108.06;98.57;135.3116;101.6;133.3478;37;20;12
