id;iq;hrs;male;regular;exception
1;93.5866550304;4.0464454958;0;1046.8626936559;1192.9232693971
2;82.2073199233;4.3203863466;1;976.7212595292;1183.2290191181
3;89.0238957754;3.9509097878;0;992.4267310261;1280.980469314
4;108.8932763439;4.1310784311;0;914.1552893425;999.4581030992
5;81.331060571;3.8655284417;1;1124.0581916149;1260.5287029287
6;89.9213411443;4.2926802379;1;957.0606024384;1181.0869519906
7;88.7207582315;4.5112593076;1;933.5827898304;1163.9011860784
8;103.0508902678;4.2679778552;1;1068.4302942258;1167.9921804242
9;104.6227440727;4.0824614661;0;998.1384350591;1179.3297676558
10;95.8566894707;3.8177302881;0;918.5552656239;1205.8809645617
11;77.3429404213;4.3679546979;0;1032.3005721868;1346.2392268994
12;78.4035957175;4.8805043034;1;944.0826245544;1215.0650539102
13;101.9235506991;3.702256038;0;989.6519531873;1234.534037447
14;124.882384329;4.4814929386;1;904.2982322594;1264.8631960103
15;102.3181480435;3.7636817451;0;1021.7647135043;1376.6807526266
16;90.4413387595;3.7792518891;1;1112.8822896617;1207.6916551581
17;90.4401039172;4.9283706978;0;1045.8140005637;1251.029184301
18;60.168115617;3.4101426246;1;1193.225196829;1336.6865749986
19;91.7831979272;3.5867613789;0;1051.834132471;1174.8606623227
20;86.375475723;4.5403439852;1;1052.8409120041;1114.9092546853
21;118.4666043603;3.3896403222;1;968.5642684833;1187.5258592357
22;90.056740168;4.6054608958;1;973.5882524932;1223.4040319798
23;92.0618322556;3.3395707233;0;1022.3074832753;1200.7360570906
24;106.1051697989;3.9567740125;1;991.6065151468;1196.7437201215
25;90.6645390213;3.7594966064;1;1114.1656380448;1298.508210808
26;123.4418405537;4.1436291467;1;880.3233896703;1134.3583491927
27;96.095734681;3.7071826525;0;1066.3749124538;1219.4292772903
28;111.1776038405;3.9571159219;0;907.2439841215;1125.0517111627
29;103.7277171783;4.9488604146;1;989.7542440699;1286.4949758811
30;99.4143670408;3.3876291273;0;968.0007754412;1172.0030692602
31;126.9288350461;4.1674570715;0;900.7179278288;1201.5545142708
32;95.5111694924;4.2455703584;0;914.687970013;1204.3634668544
33;999;3.9074468494;1;979.7168685362;1297.8457473909
34;116.9590868607;4.58931265;1;1036.7404145491;1066.2423248941
35;92.0114796675;4.1560472643;0;1023.65268308;1163.7641060334
36;106.9547937726;4.6822319872;1;871.5569865389;1288.9093796619
37;96.5904774434;4.0105707128;0;1047.8686903438;1071.2862089003
38;85.9997377804;3.0975357939;0;1012.3927126059;1291.0427042096
39;101.8237683313;3.8272211734;1;995.3521077329;1238.4186545111
40;90.7821627466;3.4452486033;0;1049.2296446757;1321.2701878205
41;97.5590130899;4.2435001356;0;1008.7918571046;1141.4964143296
42;110.4954461759;2.6350431494;1;1011.5371335076;1134.7360913476
43;93.7072738359;3.969786592;1;900.2666135885;1167.9289335981
44;97.7611196164;4.1694432939;1;953.1958916924;1274.5882247283
45;118.7886743674;3.7649544204;1;925.2938845261;1196.1093345948
46;112.4636489674;4.3565629338;1;968.4304071998;1127.3186506288
47;104.7953467252;3.2112560539;1;997.6018225001;1201.8077832657
48;89.3425040304;3.7984869063;0;1074.9704061094;1449.9694069609
49;116.4286439229;3.7961291243;0;969.7038681819;1146.6032592597
50;97.0673577845;4.5769034366;1;977.1060730206;1203.9394064274
51;86.0131433112;3.6749933759;0;1050.4775629632;1101.898990232
52;83.584976417;4.566162171;1;1114.2826885207;1266.5783598581
53;103.6704052917;4.051961992;1;1041.7932244359;1236.0887975851
54;92.9206053597;3.4601763083;0;917.9358594469;1263.2995060115
55;107.541185261;3.5724612988;0;999.1880524753;1330.9401060951
56;105.253647959;3.580556936;1;1038.2191310771;1274.6649642774
57;90.3609362507;4.771296223;0;1028.0190368612;1220.420350195
58;89.1751394878;3.5867199828;0;1034.1358808717;1187.1928030511
59;96.8189384493;4.3620243272;0;934.7485052534;1034.2972288322
60;102.1372972071;3.8402755521;1;992.727133218;1257.4907392483
61;45.125724224;4.2168025704;0;1099.3669332446;1254.7785063438
62;123.991740232;3.6810548607;0;958.3339518919;1050.6620275812
63;123.0967298696;4.1813641888;0;1001.9150200971;1184.2272352556
64;78.7290090555;2.8602254369;1;1128.4907435103;1361.0062950453
65;96.8103639048;4.3308641141;0;984.878478192;1306.4990237314
66;94.8497088276;4.8910851723;1;1044.3431825923;1184.1609761873
67;115.8230419972;4.3191892139;1;873.5359177617;1046.4388761522
68;80.8856160285;4.3872386278;0;1013.50140939;1301.054616378
69;117.79217061;4.1323724634;1;961.6691749095;1158.603710468
70;109.4992918531;3.3225426335;1;924.540227793;1099.0147958911
71;95.9587529781;3.9046998602;1;972.0033865919;1108.1634095003
72;111.1714050441;4.6565337934;0;925.8621451578;1116.5698841015
73;106.6694986863;4.181696249;1;868.3174102275;1135.9877378081
74;93.5842801851;3.0460122449;1;1028.3732865818;1375.2252700324
75;116.4456374587;4.0733607874;1;935.2079299494;1093.9244520674
76;85.4611176206;4.0204327982;1;1034.6473791272;1264.1340258051
77;115.288753528;3.7414655651;1;939.5042518076;1153.7969579482
78;79.9134456033;3.773076026;1;1076.1520115133;1294.2713271865
79;102.4021750899;4.1416597664;0;983.4083874164;1243.5102478108
80;124.0501292676;3.9366841309;1;909.3423101902;1068.1887272424
81;86.8807893195;4.0213623853;1;1010.1423545372;1191.6458499179
82;97.0804313369;4.5736419871;1;1088.470227407;1179.6987322869
83;113.227236379;3.5659256633;1;985.7521179837;1139.4473281718
84;93.56889146;4.846446873;0;1022.8186222146;1115.2761299995
85;123.6438230438;3.8004880455;1;947.4674402818;1031.6038301795
86;106.383761665;4.0211821881;1;1098.3200264932;1171.3046001691
87;95.4681366334;4.2924876717;1;966.4530714175;1220.5252452264
88;94.9246909037;3.9881689232;1;1068.540931969;1248.3537733336
89;115.5564428148;3.0037104498;0;990.1224396422;1166.2321392966
90;114.4705348636;3.7781513093;1;1013.02563218;1207.8528468397
91;125.8529068733;4.62951472;1;897.5531557583;1096.9688518912
92;98.6006259586;3.7940743546;0;1055.0222395651;1237.8793559287
93;95.7312079132;4.2418878595;0;1160.0800221292;1285.7974878316
94;106.2826894601;2.9814347461;1;1027.8734610963;1133.2607231963
95;84.6235822538;4.2504679109;0;1070.7572038226;1365.2923596279
96;98.4623444916;3.6729364583;0;886.5872797572;1229.6901443705
97;107.1463522753;4.0421132973;1;897.3705988373;1176.252984662
98;104.1211876671;3.8870977494;1;845.0942736723;1262.3592184946
99;70.4675881959;3.9350332574;1;1263.1161019876;1234.035260053
100;92.8985055659;3.9063114917;0;1010.3463450774;1258.2788603075
101;104.6526537854;3.5032845555;1;930.0291192761;1266.2941199707
102;110.5826475144;4.3448573499;0;876.8701322758;1203.2373786145
103;140.0674991801;3.8719108417;1;951.5360388749;1061.7326941644
104;108.6246051927;4.6857637566;1;1030.1760648065;1043.1515968613
105;114.3522792296;4.0080819913;0;912.2704544114;1106.7826294306
106;113.2528432537;3.6014606956;1;971.019373291;1185.4614116435
107;114.2226612251;4.3612611992;0;861.9238527464;1081.5468889655
108;111.0858949817;4.1662665033;0;941.525547791;1213.8817114083
109;77.8489504479;3.7636669397;1;1007.9204553401;1331.1268367935
110;91.797715243;3.5510834754;1;1099.2601762486;1375.8594340912
111;96.5638156011;3.6408567666;1;1037.0526317535;1232.9815297313
112;103.0363864202;4.451275678;1;1032.4484148695;1168.386665332
113;61.1130044775;3.946345324;0;1178.1274094021;1133.9001826327
114;98.055265988;4.6101378608;0;986.4011437258;1246.7922960427
115;103.3681953157;3.4192499901;1;980.9385218243;1209.216818276
116;95.1676773254;3.8149495799;1;971.6458923862;1227.7373291499
117;123.5720646963;4.0309617802;1;874.4826575984;1182.4186051295
118;93.8665653191;4.220985481;0;1009.314414073;1236.8904942564
119;112.9775492186;4.5412856702;1;1016.8872782612;1185.129668437
120;84.7965215625;4.0191028149;1;1057.8964378385;1400.5056240171
121;81.9599674305;4.2467118416;1;1027.76273102;1211.7322592086
122;103.6186928046;3.9079856726;1;910.4763128872;1090.3401846549
123;107.6002298206;4.3667026154;0;1077.9314523896;1225.6208500639
124;81.8366749704;3.44266396;0;1145.7217126362;1233.2611039883
125;98.4169475394;3.5482540372;1;943.9215949878;1140.1873395263
126;89.8873775622;3.9441963439;1;999.319375586;1225.0794323921
127;73.7111387831;3.1615335945;0;1042.8103110041;1252.5240706798
128;112.7065794741;4.375120836;1;1027.1930878394;1150.5405856619
129;83.59653223;4.5297391705;1;1089.3188475779;1234.8485759199
130;120.3120400573;3.919464109;0;902.813001174;1132.9237343019
131;97.2161624851;5.4720208351;1;1055.0338225377;1255.868212357
132;145.2509535841;3.5345133469;0;700.97218845;1046.1865365026
133;101.3345649355;3.5036015242;0;976.4538119333;1329.0856456744
134;109.9129385495;4.3871508154;0;989.5045661883;1259.0133215403
135;103.3756551865;3.2815684044;0;1020.4207626172;1180.9980545674
136;103.7081613933;4.3492267672;0;897.5417641061;1245.4623727621
137;83.2293526479;3.7220201404;1;1084.5183436039;1211.7049065648
138;78.3622837816;4.7112831222;0;1052.0657673132;1237.4977916755
139;104.8156879385;3.252938943;0;1080.840163173;1273.5620053377
140;88.6913268965;4.4998067157;1;965.1651800756;1218.7631536823
141;128.7038182217;4.3394812574;1;886.7372841643;1032.151058732
142;81.7077272956;3.9704922905;1;965.3999349685;1205.4666163339
143;82.5038933406;3.6761850245;0;1099.106683148;1184.8801511803
144;105.9111314327;3.9364888288;0;1087.4792781451;1289.4235799307
145;81.7464475868;4.5068233852;0;997.4318573426;1165.1386125923
146;109.6444749242;4.3617682489;1;922.2708027477;1266.0253116846
147;114.9412468033;5.0763166104;1;967.2519760637;1110.6868368434
148;89.3383963244;4.6270907352;0;999.8903131609;1150.0002896959
149;93.847412816;3.6481621885;0;1014.4093620075;1160.8429276012
150;83.538213086;3.5569743528;1;1064.0350229382;1204.109144229
151;66.5814973559;3.673121112;1;1188.7490885078;1284.4147633974
152;65.0247697183;3.5612677382;0;1053.381573056;1236.1335876949
153;104.5461001519;3.752758897;0;977.9313228642;1187.2548690637
154;104.2682073277;3.9127249015;0;1012.7094154047;993.2197602433
155;100.123877799;3.59021789;0;959.9072241686;1181.0363161871
156;87.3200242773;4.4701400497;1;1134.2744128899;1048.8024361882
157;76.1506071249;4.5915757668;0;1021.6409444458;1166.4389286951
158;105.6735879462;3.9009553067;0;952.9397480035;1281.1601618742
159;99.8067962099;4.1681731594;1;987.9247062161;1196.8408928546
160;106.9910345954;3.6291375386;1;881.8598409486;1240.0602182635
161;77.214258757;4.6921315871;1;1047.6520084088;1321.3535519316
162;110.9097197969;4.3235294716;1;960.3544121005;1164.4098140184
163;96.3131414002;4.0629804148;0;911.9539328544;1225.3241924195
164;90.657202284;4.03565343;1;1020.806907988;1266.283982068
165;93.9460863086;4.1524737818;1;1027.7992869834;1231.5777028498
166;97.5309448883;3.742017138;0;1066.9393654045;1137.2534794892
167;119.7322940049;3.4617256231;0;937.6894129277;1068.7615213986
168;98.806498836;4.5725765884;1;1005.8115471347;1286.7847356647
169;72.0022017176;3.6790769882;1;1113.8877212694;1163.6174769978
170;86.3838302759;4.2734555826;1;1032.5769745566;1224.6707101793
171;104.7313779917;2.8645810405;1;919.9890072776;1255.7889648222
172;93.200826788;3.5608826755;0;1014.2884316298;1284.143516317
173;107.1280860692;4.653615568;0;1058.5181690265;1110.2895902296
174;100.4099434667;3.5186997575;0;990.2960837375;1305.6602886453
175;104.8002551793;3.4009169974;0;1108.8870566803;1153.5571143352
176;102.1879140818;4.9064804148;1;1055.2183919568;1042.5232790123
177;100.7383110034;4.263770887;0;957.5204464145;1185.8547846686
178;84.4163864364;4.7280949783;1;1040.7399441424;1058.9908795235
179;80.9979439979;4.242236764;1;1102.8979122281;1156.1560316268
180;103.1237773011;5.4285336614;1;928.5187051061;1136.5134175191
181;97.750719514;3.3850182891;0;1012.8093571692;1190.1735223407
182;114.1449062517;4.774945962;0;928.2308990545;1124.3125686562
183;119.8644649412;4.3863386479;1;962.838399596;1157.2441701134
184;83.5117869326;3.7402434561;0;1059.1592746093;1190.0810860368
185;96.8624504045;3.8243077818;1;974.9471997398;1236.9071080899
186;89.2398022584;4.1485701733;0;929.7593815927;1274.2040520238
187;76.5608284918;4.1254717938;1;1062.7425353822;1245.1488739464
188;96.4359270402;4.5809611579;0;1013.8386548674;1114.3066968836
189;104.0747868806;4.3733483966;1;988.146046073;1295.7452074117
190;112.4063396002;4.6289066647;0;945.0932047507;984.9922947642
191;104.8628085713;3.9094092706;0;1005.7883946993;1169.5584396556
192;102.9380589383;4.6015645696;0;994.7630046094;1139.9456531208
193;114.6005315949;3.3805924954;1;935.8694108798;1197.4919652822
194;107.4167822119;3.1664199823;0;982.7330253036;1294.3525600083
195;95.2391263643;4.7827985123;1;954.9004230653;1165.7928592839
196;118.6750319477;4.1799440857;0;854.3900579105;1202.5194491272
197;105.7451596383;4.018561906;1;921.4688829833;1169.736756236
198;110.5929402417;3.8732377236;1;1042.8139310213;1241.9838793935
199;97.97918024;4.7309916154;0;1042.7778421867;1257.1240934326
200;88.9713293471;3.422402646;1;1064.1951850781;1236.9102418101
201;108.0358994592;4.363378684;0;990.2319107947;1255.6713747496
202;115.8170361912;4.6436148561;1;1011.0983462492;1169.2187445266
203;92.3856133268;4.1875814449;1;966.0507106287;1147.6010994907
204;92.4327259554;4.587032274;0;1028.953643793;1189.5993590229
205;112.1572808709;3.7910522423;1;950.8372488872;1165.947899005
206;110.4695943772;3.937801018;0;967.5676403397;1183.8608283132
207;131.0559695807;3.0421363233;1;904.7247746444;1149.9816168876
208;106.4402356026;4.7549870085;0;929.2528121731;1066.2967794304
209;97.5871423386;3.3170917264;0;1028.1489058108;1329.3486671334
210;108.7716894913;4.734953162;1;969.0755425433;982.5893609763
211;92.0233674935;3.3147817367;1;948.8242001463;1297.9090539441
212;145.2194323932;4.2622032154;1;908.470949729;1017.3003987839
213;96.6901136437;4.1349975507;0;984.4153591559;1281.363649826
214;85.4718593825;3.8156668382;1;983.5279775073;1077.2809133517
215;127.7044193295;4.2682459572;1;984.2960428627;1170.6522166311
216;116.2975539549;3.7746213496;1;966.4200779943;1027.7109204559
217;88.4733414965;3.8242773094;1;1101.102970642;1310.1754059772
218;94.6123523407;3.7756131604;1;941.4074329443;1217.4175758838
219;127.938668252;3.3821010088;0;898.0807007054;1218.7638645579
220;97.5544101523;3.4938342934;1;1005.9863322638;1276.3000312296
221;102.7704528172;3.344520289;0;908.6407940063;1231.6649933004
222;91.4896005867;3.003065945;0;907.9309447058;1313.4228112262
223;107.6133714481;4.1291933289;0;952.5317997466;1287.1551087818
224;94.5119500886;4.167908247;1;1015.1401869497;1210.8385185274
225;91.4755504173;4.4431900607;0;998.258945059;1105.1718196795
226;116.8840959952;4.2243138739;0;969.0971572185;1286.6177938651
227;124.9015366432;3.3332962937;0;950.4356882243;1154.2117649887
228;75.1507044847;3.6160315593;1;1038.2040046972;1108.6470417632
229;98.814000691;4.2656097295;1;1068.9577456651;1218.4223829625
230;100.0594943951;3.684118333;0;917.5613222625;1127.7220546479
231;102.0837358863;4.2617106961;1;986.8435267601;1091.0049315843
232;112.0582040657;3.8825654575;0;956.5112434431;1233.6091607476
233;122.411521766;3.9270518958;1;998.7705785829;1113.0252310394
234;111.2210104204;4.2012169007;1;1092.756621519;1187.4683477665
235;101.236590442;3.9528889263;0;935.0840582536;1113.8174724251
236;89.694476806;3.0729017332;1;1183.2814971918;1302.62939368
237;93.357516297;3.3239700235;0;1048.3017870597;1210.2949883248
238;75.335078314;3.7603818924;1;1177.7534701253;1261.3708938811
239;109.2301454713;4.3967988608;1;878.6291389959;1203.5316436567
240;103.1774273159;3.5483203617;0;917.6696369082;1174.3641220528
241;95.2210657351;4.4295190066;1;1084.5810793304;1244.6619241722
242;87.3937882043;4.1783090361;0;1022.2117021383;1197.2838071403
243;100.9871985918;3.5835677118;0;1043.5465282481;1197.9431279571
244;97.4446049711;3.5366404711;0;1125.400228186;1208.348104824
245;90.4579890541;4.8787066396;1;1134.9322173916;1142.7283075168
246;114.9559978797;3.1140367549;1;977.5912998172;1211.1654861872
247;84.6659293768;4.0001279387;1;1101.4596098268;1229.0676994078
248;116.4454415982;4.1349899332;0;909.0974389653;1125.3540742388
249;114.0785330933;4.3920716972;1;952.3874805634;1223.8159020941
250;72.6927749743;3.5659817969;0;1083.9029368132;1271.726356728
251;124.536819635;3.9435420655;0;1080.4611949119;1150.3160097732
252;120.2524793918;3.5811239279;0;856.1392452002;1125.3769450365
253;84.1235462309;4.7649779788;0;959.9123939214;1137.2672586172
254;120.2539529883;3.6540625482;1;971.4946178202;1122.0609660913
255;109.7650946857;4.4424876592;0;978.5390103081;1068.7994601995
256;81.2934776388;4.0526336505;1;1080.7165048534;1227.7209241008
257;96.9514274857;4.4921474609;0;953.0937964552;1211.8830858627
258;72.2013589021;4.5204134932;0;1065.7943147772;1217.3818083569
259;101.3803631997;4.5009442485;1;988.6352750749;1152.0521466924
260;92.6402680129;4.1396738243;1;1114.447453568;1266.650590619
261;100.1981918764;4.3475235888;0;1033.4684617847;1138.4566433015
262;104.9121816222;4.1326453606;0;876.4827406082;1285.9211829072
263;104.0586160112;4.2360914056;0;979.6928830729;1202.2631502023
264;114.1786716957;4.1128731167;1;905.327053766;1083.8060119284
265;111.5664809152;4.6084470604;1;953.7649431021;1174.8499508814
266;89.3627797398;4.1492474281;0;1061.9477827408;1307.1312203383
267;106.5693165602;3.7957011512;0;889.7901804407;1149.7999463238
268;102.3156494881;3.9723338231;1;1045.0137371936;1191.132736054
269;90.7970160813;4.0268569286;0;1072.3399581643;1187.1504584948
270;90.0207358485;3.4406832305;1;978.776700714;1121.0455337929
271;121.3008391414;4.3038780523;1;963.1702501442;1123.9078790219
272;109.6354006394;4.0364969466;0;923.9463342281;1156.8602322727
273;99.9056363835;3.913405507;1;1045.8264978438;1109.6928283504
274;97.9741712265;4.3133007044;1;998.8558854855;1015.917421175
275;88.3814548496;4.3177540676;0;1100.7218492646;1109.2681281716
276;99.9210349259;3.2225583728;1;985.3740330836;1250.9807186663
277;77.2838600158;3.9671216152;0;1024.1448439638;1144.1749911181
278;999;4.0066363738;0;1119.6862949598;1292.9316301332
279;113.393341832;4.7654562039;1;885.6162095866;1216.8402350346
280;127.4341968072;4.1138306315;1;956.2971746984;1144.3428860829
281;81.2509373522;3.9756598051;0;1043.0998566534;1238.4582112305
282;84.0956370407;3.899869274;1;1004.9798377026;1253.3060108051
283;105.4498027278;4.0128130439;1;975.745851615;1086.9479812956
284;95.4854888094;3.972918501;1;904.0619418862;1178.3879735435
285;103.5893328204;4.4469261454;1;1056.2753417102;1274.8919228331
286;71.4300208752;3.6845696097;0;1055.0607225982;1163.5827018048
287;113.3907387771;3.7291701753;1;877.0660244296;1177.4962502653
288;74.267372042;3.6545365661;1;994.0658222554;1241.4765170789
289;107.5255215428;4.3941819266;1;1010.4889494471;1163.567677016
290;106.9867881554;3.559610717;1;976.1043647324;1183.268546279
291;93.6536559106;3.9228609676;0;1021.8395078587;1209.7638891646
292;100.9457225753;3.1591827609;1;916.5946887935;1309.2415720333
293;109.6354006394;4.0052783353;1;929.2409257117;1240.9418316742
294;97.8778501437;4.0354380014;1;971.6254630345;1141.5256001548
295;69.7669172516;4.6566096498;1;1031.1814477825;1181.1104369917
296;109.3595060535;4.748705304;0;935.925504915;1160.8009245785
297;99.2194532737;4.3663059984;0;902.609445865;1123.4507667138
298;67.6632774887;3.3655229522;1;1086.1805379189;1251.8032387888
299;92.6349887842;3.9101250579;1;981.6715156106;1256.0885681336
300;82.6300425253;3.8225764567;0;1032.0736617906;1151.9867434565
301;114.1645885994;4.2427809;1;976.2924826151;1139.39167801
302;81.1757580808;4.5374926208;1;1119.9963259304;1148.6285142224
303;112.6810903012;3.5850047027;1;902.3873743142;1215.3884318239
304;117.9316695833;4.2923481286;0;892.7910564806;985.1834697783
305;98.4861279214;3.7837064586;1;1133.8681628032;1259.5291370066
306;106.5921918191;5.0764832652;1;955.7914040856;1234.9813948632
307;125.653595102;3.8756394623;1;825.0891448801;1212.9359545506
308;89.2688732117;3.7710253885;1;1030.1368789203;1181.003457941
309;121.8038411492;3.7708543626;1;925.9724006915;1125.8594115814
310;79.1681012762;4.3716322171;1;1210.5316830438;1236.4602595037
311;109.0877987094;4.2308711233;0;1013.432267067;1114.6836933765
312;91.8621302599;4.646081865;1;973.3428275338;1253.6479007301
313;93.876591994;3.9708577301;1;956.7713638982;1087.9921179425
314;102.9892989641;4.1237627703;0;925.1434031219;1170.7834114733
315;86.7465069612;3.3507599598;1;997.6073201143;1175.727617691
316;68.1455726996;3.8905612901;0;1181.0588523855;1199.9811451248
317;120.4984569818;4.5285467257;0;994.9492485888;941.9611683557
318;98.7611373812;4.0090074571;1;974.712790464;1360.5784052523
319;90.4726944555;3.8547368934;1;1074.3254377935;1234.8333329731
320;122.1327323528;4.3784767018;1;1032.2050998307;953.9084679644
321;68.8017632115;4.7695861395;0;1169.4354303226;1215.3996802757
322;106.0561144379;3.8724130983;1;1019.6662444768;1293.4976029904
323;117.1851014788;4.1556736954;1;932.5756366683;1070.4681983082
324;111.1077555736;4.6292348981;1;888.6691556104;1168.2484760229
325;88.9447981743;3.6320410502;1;1109.33559329;1161.413530934
326;122.3641091497;4.3424942311;1;958.9681821073;1103.9803849476
327;95.8022176803;3.6977476993;1;1036.5195328569;1224.0321433546
328;97.8181292383;4.017536191;0;1066.5095784209;1211.4423952858
329;105.4808896111;4.5173101287;0;1023.8514030918;1143.7916205967
330;84.3967901895;4.077572702;1;1088.9267301279;1151.1045024738
331;102.4510150442;3.0151164865;1;984.2114649743;1247.7691566734
332;115.7266680177;2.9198365172;1;1022.8569993122;1217.4161371861
333;85.5408950686;4.7319679308;1;1063.1722648139;1114.4469023579
334;108.23415017;4.0335769113;0;976.9363938728;1183.8012530311
335;98.6139285255;4.061275044;0;1051.7453058731;1046.2847855154
336;95.8411431543;3.7170829232;0;1048.7088166701;1247.4538816192
337;100.4246609929;3.9688279279;0;906.7899545148;1189.7985398452
338;90.0132110968;3.5432732697;0;1061.6228795677;1270.759421451
339;127.0441772026;4.1927519939;1;977.3205222846;1197.4506038926
340;114.0765360411;3.9386316772;0;865.6830201542;1187.052436599
341;112.2341889093;4.8463857629;0;964.5111888983;1169.8034541819
342;92.9240865022;4.2997406612;1;1091.8591910823;1210.5179036177
343;113.7490601177;4.1018696652;1;890.4175213032;1149.9989013815
344;115.0977246892;3.8031233175;0;959.9577510907;1132.10677691
345;109.0877987094;4.269353629;0;1091.8591446438;1052.3732515837
346;99.7839815783;3.4439046467;1;959.4962589391;1268.8301742594
347;82.4334019208;3.2223233689;1;1038.016816723;1341.2053146338
348;88.1016610577;4.9026111581;0;979.6370138077;1138.93625923
349;112.1575909254;4.3821502513;1;959.8682441218;1184.9072794669
350;110.4890690783;3.0711721571;0;1021.1161754813;1239.887177831
351;86.7996470274;4.135788667;0;1117.6436947133;1237.0053471406
352;61.3350673257;4.3652574792;1;1083.966076828;1309.2811186433
353;87.40521521;3.9269952961;0;966.8174407925;1173.331955541
354;86.8852202602;4.4457439319;0;1044.856533998;1233.1693631856
355;87.7550771966;4.0830044023;0;1017.1255633192;1186.2845351888
356;98.7771559402;4.1753642891;1;1044.473019815;1201.0465046943
357;109.3142710384;4.1342184678;1;980.097253734;1357.7542228398
358;112.7534260843;3.7258191657;1;988.2283587646;1147.4568598631
359;111.1083522285;3.4766789226;0;975.4967608976;1255.889092687
360;85.1675634674;4.1604991406;0;1071.804902668;1178.7718837557
361;101.2318013246;4.6855580319;1;959.7048707255;1196.9737601906
362;108.2519257812;4.4352267124;0;1048.3888861448;1058.9137589913
363;99.4892954721;5.2135625514;1;922.8763745427;1039.8615101282
364;102.9496114375;4.151250275;1;1022.7270789742;1126.8586919257
365;105.0273969586;4.2786199293;1;1012.005808054;1295.9313587071
366;125.7638261187;5.0458744147;0;993.4541584572;1128.8077787109
367;102.078991225;4.2588691564;0;938.6819978841;1090.3385584928
368;112.5189849436;3.8223126209;1;885.4682590823;1130.598784141
369;92.8196820077;3.090948967;1;1061.4192598986;1350.63374992
370;114.3074204117;3.4989818097;0;997.9996804519;1185.603797142
371;88.8077501224;3.2779253405;1;1007.5634412682;1284.6637675681
372;83.9956864399;4.1090938704;0;1079.8884652153;1163.6109791494
373;98.7390652841;4.5483814725;1;979.6093948955;1056.4374475811
374;98.2277396334;3.600813167;1;1097.3022241592;1208.4643871362
375;90.4559982465;3.9152077025;1;966.8680168671;1196.56459062
376;121.3510639497;4.4821914133;1;935.8968210173;1282.050474601
377;100.4160605099;3.4136863135;1;1030.4459082202;1410.5514567981
378;88.3618530753;5.0260239785;1;1055.3237469697;1253.8778002898
379;93.3042889156;3.8349989635;0;980.2878703435;1304.1002138047
380;134.0274040243;4.193761585;1;950.0708361901;1046.7505242747
381;86.8309998304;3.5524564806;1;1053.7551939715;1168.9960998624
382;95.3950674822;4.5354433418;0;916.2182382915;1210.0891295173
383;103.8089370198;4.1528029422;1;941.857412103;1119.0725375623
384;96.0201980361;3.9736888856;0;961.921246966;1289.4218186885
385;121.8568459425;3.4944725731;0;997.6228742149;1091.4636266188
386;94.7530381966;4.4323511379;0;1046.2912474662;1172.8287115665
387;118.6174041645;4.345807321;1;942.064410562;992.4145031839
388;93.3541270495;4.0102541299;1;945.8269003764;1095.8156264058
389;114.1653267289;3.9969250618;1;913.2658519395;1249.2124478627
390;88.8945929015;4.6323327555;1;1058.8774637804;1279.2413590228
391;90.4510975586;4.5621713893;0;899.4247476901;1195.3813906909
392;102.1598952571;3.8781922015;1;983.3479892277;1137.7535355698
393;91.4148786138;3.8556639778;1;1016.2220377758;1151.8886758003
394;109.4377816796;4.1394486506;1;951.1060246774;1252.0637704465
395;104.7430679893;4.2165589322;1;960.1063645768;1251.6748709026
396;108.6553068669;4.4424026578;0;980.7125982911;1108.5078176984
397;101.3618566064;4.434917288;0;993.2971170711;1126.8736617586
398;98.1792659289;3.5880337747;1;988.5028804388;1299.7809049444
399;125.8595537953;3.3713426638;0;1074.4867597889;1233.9305392425
400;100.0563295702;4.4756463391;1;1068.3640589341;1252.5528884385
401;111.9595838255;3.4040325382;0;955.0484551928;1227.0319501789
402;131.1607637905;3.9061290938;0;892.3500632637;1129.4613592301
403;98.1822175939;3.8597789898;1;1109.0028577552;1164.2950590756
404;97.041193242;3.7515865861;1;1073.0821888139;1181.9127142089
405;107.6180935801;3.9894140876;0;1026.4166822959;1134.4306334888
406;83.324928909;5.1900331229;0;1011.2139411721;1160.2954224789
407;109.4612754886;3.2747672193;1;939.4147023822;1217.9914926292
408;132.8766164557;4.7365182992;0;924.1272245462;1015.6407715937
409;118.4423224441;4.4548591812;0;920.2840265244;1271.6973555166
410;127.6982595262;4.845116317;1;945.2091781483;1061.8856370266
411;97.8978832534;4.4660933233;0;1036.9208081262;1135.5069852361
412;99.8827408358;3.5762847364;1;998.3645709398;1242.4962049805
413;76.512286141;3.5091059456;0;1021.2682032045;1416.4547118363
414;95.6841981625;3.4477140416;0;956.7761601233;1177.104042337
415;85.6140088532;3.6006318454;1;995.5891939681;1296.0067441921
416;131.7420547817;3.5486980518;0;868.1553820519;1095.7339306966
417;99.6838056602;3.5163174095;0;1043.042708983;1188.6542425527
418;90.8795102211;3.8441426838;0;1054.2897144165;1174.5621197267
419;109.8190980113;3.380440495;1;982.9258905466;1151.3171820877
420;114.6618164627;2.4236481557;1;894.5324828996;1323.1284533835
421;106.2961068085;4.2982281005;0;908.1903501633;1265.9585068042
422;94.570523542;3.8411268019;1;1035.7679479632;1383.6558082578
423;97.2148433469;3.7444687455;1;986.6272502969;1189.851772097
424;127.7084050005;3.28230101;0;977.6297141149;1285.6209800624
425;80.4575231205;3.5278935816;0;1050.0843635335;1144.344701875
426;76.180154763;5.0254263574;0;996.9049906644;1233.82514034
427;84.6304402392;5.3746832209;0;958.6587320097;1248.3905242237
428;83.7476297825;4.4632770284;1;999.9102764465;1240.9667030983
429;54.5040096444;4.2490354333;1;1122.52842045;1250.4458469579
430;97.9520470876;4.0373862935;0;1048.8862777387;1169.7231802222
431;80.4707528216;3.8051172287;1;1003.2836343829;1261.4768578249
432;105.4407549491;4.0971006178;1;1020.1925422473;1118.0910240931
433;94.2781708738;4.5807273803;0;935.6105256566;1123.8799510125
434;114.1407776701;3.8879796756;1;1050.4335685154;1327.346164442
435;103.004810566;4.233574509;1;937.9156886034;1207.225416872
436;116.9936075708;3.6571090387;0;910.1447710822;1116.6995402711
437;119.5670762633;4.0416924965;1;990.4374562976;1207.4881744383
438;112.004610471;4.551194788;1;1003.2492456149;1198.0050291938
439;93.2656268588;3.8778271081;1;999.2400615713;1127.9627917538
440;80.7894901478;4.3727325747;1;988.9256036581;1212.1375535268
441;116.8373868184;3.0358326246;0;967.7525913447;1168.1827832911
442;82.8527336306;3.6343600169;1;1090.2603732372;1446.9828057591
443;95.7001994909;4.1981604225;0;998.6654763104;1293.6055027329
444;99.9491800871;3.496077528;1;1006.6591338934;1172.0211792884
445;90.4387951495;4.4442806047;1;1092.2814465508;1235.4395560614
446;99.1507969902;2.6816455976;1;1073.7858569787;1274.947054495
447;97.3672310655;3.8543522696;0;1047.6615068084;1277.1236570229
448;107.0294090813;4.334871324;0;912.6573010917;1152.6044166446
449;98.8211553595;3.3991062892;0;1011.3294577252;1293.6188399671
450;100.8213787709;3.536515469;1;834.4940288356;1265.3089257222
451;112.1681551716;3.4082108007;1;983.7483643299;1215.7069786745
452;128.2134044616;4.2195519535;1;880.3265007858;1125.1067289181
453;105.1854761551;3.4369258831;0;984.1753189794;1251.6401936145
454;64.8508962151;4.3622519182;1;1048.7573701648;1209.7397095307
455;74.6582687075;3.4409028128;0;1029.134392681;1272.5444706507
456;94.7660313046;3.9976792921;0;1004.9377294198;1371.6038649453
457;126.6612222148;3.1175626548;0;919.1719064381;1148.7555499966
458;111.3896214052;3.0271690669;1;959.348887516;1249.3339559061
459;113.8847196011;4.9967963415;0;915.132308803;1026.25746728
460;99.4708866823;3.8887286768;1;945.9197684994;1151.8131669039
461;99.8341681403;3.4767112402;1;1066.8250437595;1177.7150376958
462;106.0890561245;4.2920949031;1;1040.6402490747;1222.612779263
463;103.6304555235;3.7801664556;0;1023.8704270526;1232.1836985932
464;125.9715986295;4.2220372893;0;1018.8435643944;1222.0921371485
465;100.251306054;4.1565933724;1;1063.8491543498;1168.1487510321
466;123.8013564505;3.6280034482;1;743.5174850874;1217.6807409887
467;101.6731325092;3.0840913538;0;944.6672205985;1249.4932318669
468;99.4368738043;3.9728287728;1;1031.4665237571;1208.980255853
469;110.0593342154;3.5076950288;1;885.2275927933;1174.557710631
470;79.6874660633;3.4965037283;1;1080.8392519911;1172.0153123384
471;111.9462774638;4.0150933359;0;1010.2690635986;1093.7677248523
472;93.5866538165;3.276273578;0;880.4297392837;1261.5890928498
473;95.2409936915;3.8740669538;0;1094.5046786175;1202.5982823841
474;103.2919483541;3.3858366016;1;934.0272813222;1226.6867510101
475;149.8118553367;4.0978755101;0;909.59707433;1115.2892805955
476;102.9100147853;3.9853019775;1;957.2582901249;1160.5302841279
477;108.9109284047;3.4447946763;0;894.5424794508;1179.5338368828
478;94.5190888549;4.6052994939;0;992.9908879513;1187.4827100286
479;85.6840321312;3.6092639634;0;1018.0440298856;1319.3337123285
480;115.0723014977;3.1826659647;1;990.5552934996;1247.0496308905
481;106.2015577667;4.1497420934;1;939.2868123033;1156.47886122
482;110.8875218046;3.470386756;1;1058.5156598035;1160.1988020648
483;97.9780402417;3.7609676448;0;1026.112749305;1161.5216317929
484;96.1929035336;3.9582228471;0;894.6052371766;1273.7323796589
485;96.587014446;4.098060034;1;1028.2476601694;1250.1203989651
486;117.1601325534;4.1173018686;1;860.3910195914;1129.4405148563
487;123.0128402645;4.6015865349;0;1028.2262148667;1066.2120717899
488;118.0291569802;4.5653130441;0;846.7546250887;1233.0553639548
489;113.8369574452;4.3819749817;1;947.6700418603;1052.8590903578
490;103.1250552063;3.9964321447;0;963.6746811822;1165.0465474611
491;111.8766720711;4.1616113399;0;952.8399235944;1084.3203216823
492;98.8444385499;3.9623495456;0;1027.3516344967;1211.4222630179
493;127.7178346579;3.9543641937;0;858.0740485283;1080.9524725639
494;114.5898689686;4.4518329705;0;909.7813140611;1221.815169305
495;134.3431261682;4.314397499;0;878.3571628149;1126.0318725866
496;90.2530196364;4.6513186555;1;1005.6878435424;1115.5736749023
497;102.1783627214;3.2246653343;1;910.3897685755;1202.5414490378
498;110.3863870788;4.1330353912;0;964.4167873123;1131.540717236
499;92.6719366539;4.3696319414;0;949.8615419391;1202.8456686204
500;124.7992876654;4.5258127156;1;878.7900109037;1057.9954637081
501;96.6887479708;3.4889747004;0;1087.6017710332;1329.6616705897
502;81.9721869546;3.7555921536;0;1014.7101583222;1299.9185542993
503;99.0847510653;4.4025850778;1;1015.6681588687;1221.5443100458
504;110.6526284716;4.6153603819;1;925.2029488055;1268.6027752429
505;88.8588645608;3.972759049;1;1012.5541655601;1249.654345879
506;86.3893064541;4.1608936191;1;993.7679005647;1124.9514632483
507;87.6012846725;4.0873266656;1;919.1110911882;1195.4550016719
508;109.9543673819;3.6605060098;1;1046.3968782641;1186.2887591828
509;91.9584911888;4.0814387362;1;963.6451763601;1018.9148862809
510;99.1052043608;3.3660681781;0;982.1856311504;1139.2801859445
511;123.3617595872;3.5050109414;0;903.2765552437;1082.5607006657
512;75.2984494382;3.9241594466;0;983.3014714955;1243.4802064795
513;81.3270335647;3.4325425402;1;1077.9495927049;1180.6677313234
514;102.0106074179;3.6883268643;0;1003.2929972602;1218.3262347289
515;107.2837368886;4.1670592099;0;1005.9108438448;1237.1410107118
516;84.5430641334;3.9133011769;1;1092.1564200925;1285.4646827557
517;118.514405371;4.7179040011;1;916.6025411552;1080.0735596212
518;94.726074553;2.9822538485;1;1072.3212373076;1221.9988940858
519;98.2257045416;4.8321914473;1;969.230466564;1238.1032610747
520;118.9920628688;3.3103652022;1;897.0783020477;1192.7942613149
521;115.2937927545;4.0738443422;1;938.2044454256;1129.0945741126
522;98.5822487212;3.2357609422;1;987.6409755949;1323.9547600168
523;113.6004761788;3.840076126;0;1115.1453751274;1175.8546756326
524;83.5888240055;4.0926631642;0;1083.1487075416;1265.5691088021
525;116.9133935297;4.5818231762;0;925.282610676;1144.2573348711
526;103.9332039532;3.8839316441;1;1059.5340565066;1048.0901699573
527;110.4635671703;3.6373547308;0;1013.5575143901;1206.4476653292
528;86.6000593046;3.6934091654;0;1077.4812908682;1225.9963200905
529;101.5751687537;3.7122579812;0;953.4151280666;1264.4517607429
530;109.3176935275;3.3443717453;0;939.012336201;1228.2206662497
531;86.4890652391;5.0283674916;0;1087.7701789324;1113.0039523517
532;100.9127067355;2.7162442303;0;1123.8687321077;1296.6328669575
533;126.0745450354;4.3320233708;0;970.2713028356;1070.4423483045
534;111.4909511152;3.9058371507;1;926.82691178;1260.7325934349
535;97.7179901683;3.3869216973;1;1121.6573393556;1335.8481817416
536;103.7685351789;4.2786265871;0;855.30564695;1126.2457420125
537;99.5590616018;4.1025603586;1;904.0013037749;1133.4862290161
538;109.4674742933;3.233403272;0;1005.5013414553;1202.6478162025
539;96.3348007895;3.4689085565;1;1009.1455319508;1141.4683667231
540;72.8563702975;3.6018228024;0;1108.157749696;1320.6606561377
541;121.5269947062;4.1025479933;1;910.1345500074;1167.3702199741
542;111.221619953;3.1350613937;0;1021.7307212029;1189.2463496155
543;100.0165464618;3.6830667366;1;1033.0150309481;1306.7522675748
544;111.2828918823;4.9063973803;1;942.0041079193;1094.817234036
545;114.4157940081;3.5597417376;1;992.5689136654;1095.9677755723
546;91.3422572521;3.3767071537;1;953.0285796154;1233.6135738709
547;120.6778655997;3.7306999582;0;888.3905942725;1155.8792462849
548;103.5941748825;4.5258594761;0;1037.4940765886;1115.7517997546
549;102.8240045713;4.1992485292;1;981.1947012346;1190.059351667
550;102.1488979199;3.41184213;1;1023.6033419845;1220.4165687104
551;108.2259819558;4.2567303099;1;977.8482889667;1195.6928818206
552;92.982891867;3.5457926357;0;1084.9378332683;1269.4301588826
553;95.8316044756;3.1702354689;0;1045.4981903743;1298.9450660712
554;103.5537934445;4.2878202532;1;999.895252361;1213.0656642932
555;111.7201206307;3.6404516113;0;999.1612092294;1144.1690193541
556;107.9100214299;4.243298574;0;954.7538786014;1249.8434913484
557;99.8469487913;4.3609272795;1;999.1826141176;1207.5093307436
558;87.9735905195;4.3679868219;1;1061.8609790987;1195.5865862655
559;105.6807935488;3.2562898285;0;1062.9658415095;1210.5775664045
560;126.1589301648;4.076023558;1;966.3372697361;1130.5708223209
561;107.7920725049;3.5703984101;1;977.5190419159;1364.095355658
562;101.2291286871;3.7659971764;1;996.1507789071;1201.2714832422
563;136.0926422895;4.0883237906;0;832.3629980408;1174.6972185788
564;96.8066965185;3.4354473615;0;1035.2664146233;1255.1825111187
565;112.5779600975;4.2764477893;0;1024.5648553177;1143.6395362717
566;106.088369769;4.334512227;1;931.0618408438;1112.460742343
567;103.5476015507;4.1894969598;1;1030.390878527;1204.4539139698
568;78.0875933696;3.8300880557;0;922.4031584892;1252.8859520081
569;68.0484250347;3.7806942031;1;1135.554145178;1357.2048121103
570;100.8594219244;4.330796228;1;955.8778694855;1233.5797382443
571;129.7982698159;4.2801532288;1;888.6682533634;1227.3690344463
572;110.162445819;3.8337956733;1;932.3409628957;1249.427285777
573;85.3637587807;3.2545821498;1;1035.7032253619;1247.6536551676
574;87.814292991;3.6502803592;1;1062.372575423;1361.3055096849
575;109.0111872677;2.8018203241;0;999.7316484718;1177.0234292851
576;88.4288076697;3.9713835004;1;1120.2494582812;1188.847691048
577;88.0955321017;4.2882779892;0;1029.2255352723;1246.1179264789
578;94.8264862265;4.3435901659;0;1026.8980032547;1182.8110557893
579;107.0947465879;4.1299587404;0;1031.3681891677;1164.8870306305
580;108.8567961569;3.6900350839;0;1076.8053681759;1292.9067709749
581;87.6238733692;4.7514204228;1;1121.198257502;1195.884456349
582;101.6274290367;3.8747309283;0;921.8530215071;1234.8464361695
583;111.5305351099;4.8853998479;1;830.0929391188;1298.9428249953
584;124.2699774255;3.7152643664;1;863.3565598357;1126.5879478232
585;97.2518549994;3.0942876163;1;1122.9350223683;1244.073946934
586;102.0607154257;4.7319771369;0;922.7916365502;1102.6350675655
587;99.4305755901;3.6986897015;0;943.0274773487;1256.4981242011
588;110.3581883861;3.4318531586;0;949.7752209702;1065.7577842228
589;100.0051906259;3.6460005278;0;1088.2832458119;1272.9771682039
590;58.7773169968;3.8909651584;0;1197.3648362301;1361.8091851848
591;115.5434493696;4.8795082976;1;897.0305245336;1132.3296376684
592;108.9580889638;3.5764021306;0;995.1303066066;1232.9107822442
593;81.1534206977;4.0342300359;0;1090.8291330999;1274.4201250407
594;80.935612286;4.6197973772;1;1014.4599233386;1206.0732070983
595;112.3216848748;4.3536716759;0;962.1611633967;1100.4373114269
596;95.0882906678;4.4711423886;1;1020.2509241417;1150.516109716
597;91.6516991548;4.3772436934;0;1039.2681470259;1207.193329941
598;100.3954076898;4.1407236313;0;1008.0893495401;1339.3433190717
599;70.3284157748;4.016079218;1;1171.7946594053;1367.1635122252
600;105.1982971034;4.6775401209;0;934.6501029521;1271.3318915389
601;101.2950901406;3.7733112065;0;1072.4377829602;1251.085209411
602;96.3633363694;3.825512625;1;1064.7216246382;1226.7226559033
603;93.0035744565;3.9098195215;1;1028.5139771943;1220.2822914397
604;70.8216748743;3.722503781;1;1093.0984891377;1275.6443734721
605;83.2383715318;3.4977386526;1;1182.5064788739;1291.0333170093
606;82.9457484603;3.8040622705;1;943.6163998036;1314.5262410018
607;90.7060976831;4.0627260732;0;1008.6911373623;1403.0260281769
608;125.8790012864;3.817552685;0;765.3128531783;1114.3947127916
609;110.4440904571;4.1009851787;1;984.0460279489;1142.5596889183
610;91.9880280456;4.5827552795;0;967.4601975729;1178.7451818015
611;103.9037243066;2.7548217445;0;950.2050950392;1298.7522380855
612;122.7866748872;3.1972818749;0;943.5272986042;1124.8476409763
613;109.1920948374;3.3554494286;1;953.7804534404;1277.3828895526
614;94.6115647449;3.9835830742;0;966.8837430349;1177.6771248345
615;119.2160047698;4.6586977871;0;975.0028084233;1173.4242691709
616;88.981345935;3.1250097451;1;1073.9677826582;1225.7989286911
617;113.9673184507;3.2765452567;1;1061.3433134319;1340.8075729881
618;129.8499382297;3.5633588244;1;905.7180341609;1118.6607040788
619;92.4335901564;3.3411020747;0;1149.955957232;1271.4565407623
620;97.4197566553;3.0791509658;1;910.7326810042;1299.1236511275
621;92.1268595554;3.9626592206;0;1010.9477558116;1289.2183981483
622;97.8234705019;4.0044099726;1;995.0523261302;1164.7458516146
623;66.7432447594;3.475331114;0;1122.0479852227;1201.2983406562
624;109.8806898917;5.1084754826;1;1024.8338862341;1162.8693222402
625;74.6594762202;3.7804478745;1;1098.0023775063;1245.6604228385
626;98.6888344589;4.7023467813;1;956.9570165977;1207.7061466341
627;89.0902013566;4.3907604346;1;1037.0460552803;1084.8546881237
628;64.9409166736;4.1734637621;1;1032.6173146232;1221.2948189822
629;128.8786673696;4.2706191431;0;858.9573625065;1219.9651671381
630;61.3337707028;3.4502735919;1;1081.6351350052;1336.7801246225
631;117.6488164139;4.1091804183;0;986.1898135682;1072.287655026
632;115.482620431;4.2316708757;1;845.2429271588;1301.1221431634
633;108.6815948211;3.9184081334;1;948.4853747194;1213.9723839125
634;93.921658376;3.3966066461;1;996.3362339438;1283.45730374
635;101.9579311741;3.7347804626;0;959.7340768395;1179.3049764201
636;101.8949116772;3.8984655827;0;1046.9589688139;1159.6152469389
637;128.8088163436;3.7484420825;0;805.4107733221;1131.1880322051
638;142.7585114872;3.2817829775;0;998.7229720041;1127.0827244256
639;95.021226534;3.4608744145;0;1009.8825479075;1299.4437010235
640;99.5420739446;3.1532865946;1;1088.931095933;1223.1673754061
641;104.8734224665;4.1789509406;0;1018.8331722064;1352.0591584913
642;78.6974651585;3.3754463579;1;1199.6975322403;1335.3737554471
643;114.4366478965;3.6320088213;1;973.3641170471;1187.8094527759
644;98.9316743031;4.9624938391;0;1007.4256604413;1190.6999865634
645;119.3525236096;4.6631862231;0;1026.9962209165;1236.1542898917
646;83.5381913471;3.5439197157;0;1078.4829919025;1313.0042499493
647;100.9906308907;3.4218204224;0;1023.4150623501;1087.2457483974
648;102.5696785175;3.7746236363;1;983.9206669403;1292.2138861292
649;88.5234390505;3.6904441606;0;1097.5895263986;1393.4239361125
650;113.7042318293;3.9059434327;0;1065.135309605;1281.0740202294
651;103.7355336138;3.8207694343;1;1004.5497236078;1206.8339263172
652;95.1458839997;4.7338223675;0;989.456207847;1187.3897415109
653;79.9352086189;4.2627781349;1;1181.1628701732;1289.5364884378
654;106.8621378219;3.6801533517;1;1033.9681851368;1245.3553269
655;99.4723515059;4.0526633088;0;1023.5095910876;1114.3442946039
656;76.3265005105;3.6316884411;1;1042.1608437529;1349.4172275521
657;81.1572497336;4.9564571397;0;1009.9073507116;1159.6736876083
658;94.2135606157;4.2938412894;0;1113.47213186;1283.1172591132
659;94.5653676553;4.5173337374;0;1169.9901193724;1150.283518878
660;110.2637362684;3.3817851179;1;978.1033409691;1225.4295436477
661;90.3452330382;3.3399187475;0;1087.1678336449;1164.5482613599
662;100.295182888;4.1513571648;1;1036.537035761;1067.4356158241
663;130.7309699887;3.3896809137;0;952.5799521066;1150.5999352534
664;69.2515963866;3.1667800869;0;1134.9748951965;1242.3817203566
665;96.5659450294;3.7896023272;1;981.7076670273;1124.0594767055
666;88.9420190443;3.5241309477;0;1076.3371147496;1229.6621697765
667;96.9352968573;4.2278863875;1;1072.2934432807;1341.1265824287
668;101.4513931593;3.8542411141;0;966.7223769275;1166.1260385549
669;88.6007331242;4.2017340577;1;1004.366146474;1092.5571518585
670;97.2361256092;4.2226247464;1;996.05842642;1126.0177890335
671;117.9199116691;3.9189269506;0;918.8778375298;1113.5052124786
672;104.9605663368;3.9003245116;0;993.8537555594;1169.1365156412
673;90.3345313314;4.3637742393;0;963.9162190066;1177.3394364404
674;90.0549063674;2.6529965818;1;1100.3435842763;1079.5474078859
675;93.7041427842;4.735236953;1;934.7800450777;1158.5071785527
676;74.4140248789;3.8111297442;0;988.4791892313;1424.6732662096
677;87.7813806506;4.8685900339;1;1009.9656758231;1250.4071370576
678;108.1165296723;3.5718934086;1;984.2900839817;1269.505499494
679;114.9828273764;4.5005195951;0;842.2151907102;1161.6017916355
680;70.5196556316;4.5675842602;1;1250.5756094558;1274.0938237563
681;106.303337039;3.5213562112;1;997.9539109775;1128.5920753401
682;87.8974348744;3.960861911;0;1065.4446309205;1145.2232792176
683;97.8810565974;3.9476246408;1;930.0561040409;1198.2191518333
684;123.4637794112;3.5567477336;1;974.617565925;1211.175941759
685;117.7083704897;4.5496002037;1;886.5501370131;1133.8187794838
686;121.6776945317;3.9719997733;0;1038.4481091462;1115.5490160434
687;90.6196528782;4.3695324004;1;1032.7070561261;1229.0829618732
688;120.0290472426;4.4063901423;1;1020.5100242374;1152.664265069
689;97.0756268822;4.2041532562;1;1024.3475063718;1198.0301757666
690;108.3554928327;3.7247599232;0;1050.5866442929;1175.1496780207
691;112.9246844234;4.026464202;0;955.1893040288;1195.0208540414
692;109.2396744115;3.5523510407;1;965.4485263435;1246.2661878479
693;109.7826454499;3.868695253;0;966.238949426;1198.1212113782
694;112.2502109918;4.5009614582;1;1042.1509658296;1102.8996869863
695;69.1235994834;3.6459583216;1;1155.3540735413;1332.9947672068
696;103.1474741397;3.7747479735;0;939.0190045445;1135.6710264044
697;115.5077588139;3.8131290198;0;1021.1845573324;1195.681028977
698;86.9881188503;3.5055475343;1;975.0817442948;1225.803662486
699;107.6933227648;4.9383117493;0;904.6153491722;1121.365101092
700;100.1435771951;4.1174920925;0;919.9753757756;1201.754998919
701;60.8889870132;3.8644421856;1;1142.1791750898;1316.9466938847
702;119.9284960576;3.4089947534;1;976.5765710066;1162.7730223348
703;87.3774534868;4.2795556151;1;1094.242461595;1151.204898348
704;93.8626790239;4.0621819583;1;1058.4115384231;1230.8288092366
705;75.0705567793;4.7296978695;1;1148.5003220333;1169.1715265223
706;105.0340277438;3.5665051653;1;1061.3023627624;1204.2394325794
707;101.0750453151;4.4255071042;1;916.975162797;1161.425405256
708;139.8062597621;4.1479073649;0;834.0618957647;1130.4294843763
709;83.1795530297;3.9685438891;1;1165.8593926361;1350.4992218206
710;99.0024708636;4.0369966939;0;1044.951135191;1259.7805804268
711;105.8781165969;4.7468730748;1;956.2731319311;1194.9701104998
712;84.9493464407;3.5722055993;0;978.0006269155;1182.5663914037
713;109.2870303743;4.2277372447;1;959.7790438909;1209.2754440711
714;95.9467247343;4.3874368054;0;1010.0068336016;1217.0422715364
715;65.8356069454;3.3553893657;1;1152.2383293285;1381.7192449166
716;103.7020183229;4.1457260947;1;892.4149297175;1233.4195632782
717;108.2199246885;3.7045534343;1;960.6877806197;1208.2918055505
718;106.1911509353;3.2973386477;0;1042.4949849336;1179.4318048582
719;83.3980718984;4.3889002581;1;993.3325984665;1254.6610791395
720;85.0534411983;3.2568609024;1;1001.0103050706;1306.526575036
721;88.3193504234;5.0834074322;0;1035.0851096778;1139.0990074374
722;90.5013280491;3.5709706997;1;1034.0045780279;1199.0648614926
723;92.6327268154;3.928341847;1;1018.8221206782;1263.8021287045
724;85.7384319727;4.2909285439;0;1059.8937952285;1227.6086251117
725;99.5996320199;3.1995604307;0;1061.3302036534;1248.6022219245
726;103.2899720646;3.678755182;0;1102.9165672607;1267.5710701921
727;95.4197763064;3.6099335996;1;974.8684027316;1153.427377886
728;118.7819255477;4.634748765;0;1012.8339471182;1203.7638368076
729;140.9799706377;4.6636301796;0;915.4993841237;1093.6412179495
730;112.4672427162;4.2325056168;1;1083.3876340749;1171.962731622
731;80.5469398566;3.0540202458;1;1118.7185074863;1251.7089408767
732;103.4074456651;3.9210936177;1;1084.5376655367;1151.9687382086
733;100.8109388137;3.4777139357;1;1038.2387415126;1184.5018852865
734;136.2951231226;3.5364552325;0;907.0895061743;1165.7789893406
735;113.1787438245;3.7721760306;1;960.4711853116;1258.7206246488
736;73.404517533;4.0429061363;0;1183.9097790209;1275.5400580946
737;115.2545774395;3.5920649535;0;877.4510124069;1166.6417666451
738;82.6564379935;4.6793500351;1;1022.0061496341;1255.5938220351
739;113.4280336342;3.6397791705;1;984.5189284387;1160.5708155512
740;94.9461555325;4.748572263;1;1101.8229002054;1272.5095118727
741;97.9377804472;3.6390466026;1;1000.7311529907;1279.0612898152
742;70.9686142295;4.4066863375;1;1023.1063378692;1319.7802431126
743;100.9012396449;4.3107893684;0;916.3180369891;1216.6084798281
744;112.0136409857;3.8876323017;1;912.5013190049;1137.8854730184
745;100.5687843605;3.1152052553;1;1052.855763712;1281.3802506169
746;111.3466317757;3.6703845214;1;924.6238151442;1208.8058885866
747;106.5085171383;4.5623463198;1;1018.8271157143;1145.6636246403
748;96.5029926158;3.7154975594;1;960.0645921239;1171.2210877113
749;97.1176677857;4.4679282818;1;1065.1880558702;1259.7704236434
750;113.4678955171;4.4081453712;1;1011.4982992079;1125.9974102221
751;81.1581290734;4.0478836292;1;1092.8982751832;1278.3878490882
752;80.4968405371;4.1691304013;1;1025.3188451635;1168.2146963174
753;117.2216960875;3.5919266211;0;920.100286778;1144.3901283237
754;91.4340025348;3.6634849344;1;1017.7312740399;1227.2543479981
755;113.2238583542;3.8015354835;0;976.8014133731;1176.002139144
756;107.8484182416;3.6941205805;1;1031.1432102163;1055.9991924408
757;113.8535506447;4.4756981933;0;857.2717840418;1348.8843438568
758;92.970787749;4.0364309408;0;998.5336697289;1223.5853180463
759;113.0446676164;3.3258858651;1;919.0847832801;1149.4071425539
760;79.3820500276;3.6189558358;0;1150.1316427791;1233.2521279282
761;72.3681611164;3.8980513797;1;1084.6768354978;1414.853983483
762;74.3061900728;3.9269029885;1;1055.824659401;1320.4362998454
763;97.1145648959;4.3730584793;0;1025.8060265073;1130.8669987041
764;109.1409577595;3.9343675324;0;1030.8494650651;1332.4599074181
765;106.3426106136;4.1678479394;0;943.5674299917;1261.9703186501
766;104.0739944929;3.7966991474;1;1127.1720434014;1277.1361071784
767;89.116090199;4.0848582747;1;1070.4864987365;1197.9653057345
768;83.8884949542;3.7279000419;0;1081.8091882619;1297.7894600818
769;100.734295351;3.2956810427;0;1054.1713217835;1132.0934361358
770;91.5296040328;4.6427389724;0;1027.9497377952;1231.2240608492
771;117.5139742699;3.6036172964;1;909.6043944077;1364.4451241421
772;107.5145927626;4.4498691847;0;858.48573811;1067.9915979208
773;102.4078034523;3.7908120738;1;1000.0868061365;1193.6380403984
774;94.5062049346;3.5630899389;0;937.6805796201;1205.5976312504
775;103.9300819414;4.2902056403;1;953.4218131378;1287.980747251
776;116.662422501;3.8746073644;0;891.9953793493;1193.9724862504
777;99.2518958248;3.7024137801;1;1017.2843046004;1183.1792983748
778;90.8314107566;4.5996436608;0;992.8756160013;1204.385306381
779;87.0905627886;4.0160255497;1;1044.9045919673;1176.9966709856
780;92.5269473273;4.361997418;0;955.2127041214;1157.1330876838
781;97.4503680807;3.6983225964;0;953.1426740921;1177.741592917
782;94.1070017287;4.2748770846;1;934.8510220635;1131.6283575944
783;102.6152086564;3.7291564425;1;1110.8333823254;1355.3322461989
784;102.9006736673;3.6163276444;0;1156.9598248435;1185.6974858526
785;104.9989368771;2.9991419365;1;1024.122300758;1250.9115050313
786;111.3644029705;3.0354826826;0;1041.5593951573;1234.3465478616
787;95.6345778046;4.2976500954;0;966.9013599821;1043.5836284176
788;105.2831614879;3.6841610452;1;1026.6578213541;1194.3455210297
789;119.882118067;4.2774850505;0;936.7507874489;1159.3259580396
790;77.7350376445;3.7838997964;1;1070.0211442453;1309.1433353257
791;90.30069552;4.3878750352;0;1029.6843984597;1256.5994728047
792;103.6442113985;4.4094560193;0;929.9293796124;1231.3832541881
793;97.1289140327;3.5231726362;1;1189.3835725256;1184.0755203219
794;113.9107729711;3.8544969567;1;1015.3268780629;1148.0661553706
795;128.6672755603;3.6080754832;0;940.2654823275;1192.7603912662
796;84.9845241888;3.8975615977;1;1087.1209987224;1212.8433817041
797;119.9419566168;3.9103893325;0;947.3998263822;1148.8979361545
798;83.4860968838;3.8158197124;1;974.5058822667;1096.3175044206
799;116.540263626;3.5857586572;0;931.1950627523;1226.297933827
800;106.4771698843;4.3419856684;0;875.3081165896;1245.3896201891
801;92.7413497636;4.2249418026;1;1064.6030635626;1212.9219028012
802;119.7504939412;4.3975882447;0;929.6198744894;1219.2718101427
803;64.5376881377;4.053865207;1;1122.2048695637;1191.29478088
804;109.2504178664;4.1754991928;1;917.5572261978;1120.1303908963
805;93.2188114633;2.9338850048;0;975.4357915516;1299.0465703388
806;108.6854989302;4.4665563137;1;948.0177885644;1146.7921321291
807;113.7109932197;4.4319821752;1;900.7190756654;1153.6114481347
808;76.0426163259;4.5939864424;1;1073.7607597285;1229.4556588789
809;90.3387678689;3.8716552367;0;1154.6695268988;1253.7766692838
810;87.1575983804;4.0032233509;1;1026.2337232195;1271.0564371748
811;85.7986447183;3.664293497;0;1057.5905139249;1227.0537805389
812;99.4725328585;4.0078402581;1;974.7421471933;1282.0025464328
813;98.4407907068;4.498393445;1;980.6224924018;1207.1139001298
814;83.3721008293;3.9338638485;0;1120.1967021068;1282.2818224219
815;98.0107603027;3.7608899404;1;1062.9387227409;1215.7686084801
816;87.0389763747;4.7703663469;0;997.8536069623;1176.5161498974
817;87.839689637;4.2565947267;0;996.1271756553;1221.2124365099
818;88.4265817495;4.3383419642;1;1019.8683036638;1118.8181607912
819;85.0094014029;3.9182520612;0;1110.8116575615;1199.4948225628
820;114.1562371019;3.6272321682;0;922.1055691272;1160.33855312
821;104.1916099152;3.596063264;1;856.241180221;1175.6711567095
822;85.4367657099;4.8143039485;1;1074.9363637837;1168.0370920681
823;110.9455691484;5.1131914075;0;837.6094481999;1118.1708573206
824;105.2046038047;3.20775198;0;886.7892078644;1328.4583794542
825;99.6645049996;4.557528448;1;1130.6800569967;1169.9308526176
826;121.895782302;4.1978013656;1;930.6964756955;1053.1783307924
827;91.753355533;4.5925751131;1;1007.509106279;1114.8691871207
828;106.206788855;4.9634176944;1;1035.7755316979;1150.2423670242
829;85.7774718036;4.3599872001;1;1022.4359758751;1105.6327243168
830;82.6367888921;4.3203507403;0;1063.4706964311;1082.7177572981
831;92.5227478591;4.1372430017;0;922.6034365576;1272.7488972869
832;93.760895974;3.8028239995;1;994.6075749199;1076.4494697343
833;104.802898153;4.1276703074;1;942.0550771587;1215.9799653328
834;79.2701020009;3.5126683587;1;930.0930856525;1191.4672171397
835;91.9417197606;4.3289551156;0;1056.6539898395;1159.3599405832
836;115.1011281192;4.5245388703;0;968.051147192;1121.902974737
837;116.5569509811;4.072927361;1;924.3386117936;1293.5333062836
838;79.8702879224;3.9964297306;1;1076.0346457714;1306.7539501172
839;111.2198055132;3.9938247822;0;959.1443989726;1130.470786563
840;100.0187361585;3.6748540516;1;969.5294913795;1227.7998801605
841;115.51087239;4.2213056419;0;963.7991529166;1120.4067088191
842;104.7786118536;3.5583587773;0;1065.0187669334;1118.6302831438
843;82.4344807293;4.248969699;1;986.5083528802;1278.8652197981
844;99.595608799;4.2124742801;1;948.2133120176;1222.0690597202
845;99.6471464056;4.3999724152;1;1005.0195797171;1141.1022366978
846;81.4925553279;3.8304499095;1;987.608327246;1330.0247869593
847;98.0237009295;3.6995480027;0;956.1156186878;1284.0990387101
848;127.8172014992;4.0784393023;0;908.8519166536;1132.9611457911
849;113.0282975583;4.3708610278;0;971.0454447944;1086.9634919605
850;117.7674778947;4.071767696;1;1002.3428138608;1286.8740334175
851;92.7657236662;4.6520163897;1;1096.7757311026;1105.6272289873
852;111.6456499043;3.7364512429;0;935.1432199989;1238.9661132688
853;83.6090453093;3.1861743192;1;1005.4227913522;1264.1001286347
854;110.6881801475;5.1024281844;0;986.2342667875;1129.4527648558
855;100.4990290435;3.018280246;1;941.9796186772;1266.6285255901
856;114.3587441792;3.2714838279;1;960.952432332;1291.9544544376
857;92.6051914505;4.1179938285;0;1001.7098991915;1140.2129610534
858;106.1449085423;3.1197620634;1;899.1877439536;1225.1486930553
859;101.1436408344;3.5281605291;0;1044.0333258306;1173.9968431219
860;121.4772871693;4.542392288;0;902.8898376427;1130.6884167574
861;102.0677375306;3.7012852933;0;964.4227669196;1156.1822118933
862;108.0978635911;4.1789454297;0;1026.8137400122;1088.8482500325
863;110.2587960691;4.0635389155;1;1032.191632947;1124.6051416815
864;81.3800468224;4.5083507346;0;1094.9742596908;1342.3448560432
865;95.6696932627;4.4657780937;0;1018.9656502586;1166.5909562394
866;103.8884591158;5.0614556453;0;1027.6962416332;1198.8252186561
867;76.4582657067;4.1205486287;1;1099.4837529357;1368.2456480919
868;109.9358302581;3.4945485813;0;1055.9556156235;1143.4997451833
869;100.7393266181;4.1262796589;0;925.655120693;1271.014245843
870;88.2683913721;3.2405582719;1;952.5852516088;1179.1042127479
871;66.4743685712;3.3537949677;0;1106.9522030215;1450.021681217
872;127.3860614897;4.0855964923;1;935.3307825399;1269.8415155276
873;101.4870359519;4.1018593254;1;1052.1366687868;1225.8207968734
874;122.1951457781;3.8726790178;1;898.8212670146;1178.6028618059
875;91.5919846677;4.0984347809;0;944.9077422073;1281.4771675679
876;75.4523377689;2.766544372;0;1133.7859744105;1254.4095903827
877;107.542581621;4.5239717872;1;1092.5037715828;1245.5578045767
878;95.1683083243;5.0446783037;1;1071.1496852189;1218.1621043814
879;103.1951944192;3.8155979912;1;954.4926868499;1355.7901017952
880;84.6879132945;4.1682066135;0;1050.0392176709;1268.1705832231
881;101.232007924;3.9125039392;1;1154.9903076917;1146.7487536478
882;113.8319382182;4.1556908428;1;947.4658837293;1210.2799834626
883;106.0257990414;4.0099775247;0;921.8744977899;1085.5473117558
884;91.410458449;4.8122987465;1;905.9167243866;1119.5946156255
885;71.1896106277;3.4990544943;0;1217.0373295208;1263.6420008244
886;111.2622866361;3.8543771699;0;981.1695793408;1197.713496986
887;81.0499800928;4.5502923284;0;1016.6894222671;1258.1784357689
888;95.5318701409;4.2151805294;1;1007.477092999;1269.3715956014
889;93.1760304988;3.0918044522;0;1064.6773372667;1322.6804708758
890;112.3198224002;3.3743695644;1;1039.7300117027;1257.3464914002
891;108.8542353665;5.2497299909;1;1015.7055155481;1130.1176369418
892;77.8630911351;3.4329606206;0;1054.2276690881;1354.7759724061
893;127.9866558223;4.1377138408;1;896.7836276885;1185.4282189562
894;100.0049412421;4.2288255704;0;967.3222880099;1055.4060274547
895;112.2233917157;3.9744832655;0;1081.2846051917;1062.3896200962
896;93.0169109463;4.4445258846;0;966.1364830793;1250.8518647606
897;93.7527198169;4.6429953984;1;906.7038633866;1131.6004069184
898;77.2331030147;4.3020759965;1;1015.4879779714;1161.1383904608
899;97.5534018979;4.5487340886;0;962.2939362635;1215.8756501532
900;118.7448656328;3.9506827543;0;1067.7324786623;1202.7088603819
901;90.6485065863;4.6262390649;1;990.2472467034;1160.6980419698
902;110.5063388206;4.4034662199;0;983.1126605508;1238.2203562507
903;72.4555848745;5.1457182604;1;999.5643821423;1220.9909302738
904;78.7396908505;4.1494708047;1;1101.9329408624;1051.8444494858
905;98.6185859105;4.185558865;1;1089.0002407943;1143.0843966936
906;97.0393757291;3.519098717;0;991.1354612538;1245.563853387
907;105.8903484719;3.6223392359;0;1008.0923969867;1167.3812209263
908;118.3991551594;4.2046697082;0;807.285574942;1194.5399065015
909;114.1156754325;3.8826822548;1;913.6983326938;1225.4983729037
910;99.2617831881;4.4057063735;0;1062.4018631525;1177.1264215113
911;55.3087769854;2.7447354771;1;1152.0114403879;1452.1955859608
912;82.4269291564;4.2207583823;0;1030.0915201618;1250.5533800745
913;69.9349014665;3.9879769542;0;1100.1755540613;1252.2635956473
914;113.149199172;4.5530151098;0;978.3077242789;1052.4774885119
915;88.2036475405;4.001449449;0;994.0908761567;1355.776286736
916;108.2868695396;3.6432867699;0;864.388454321;1180.4291500516
917;90.3804566828;4.310765007;0;1103.5793077191;1300.1012029845
918;75.7909393434;3.9942197599;0;1097.563920703;1291.4098249585
919;91.8699574195;3.6968489198;1;1013.9566618887;1247.9374302079
920;79.6068682897;4.7221556885;0;1033.9103911092;1169.3774172176
921;101.580739066;5.469235486;0;921.8690231056;1020.7611097077
922;98.6922910746;4.2719919499;1;1046.7659062066;1225.2337813191
923;90.9692659477;3.9870844279;1;1159.3612045234;1262.3201079588
924;100.4801779922;3.7251884032;0;1001.6395768766;1076.7647139247
925;109.2391415757;4.0329110538;1;917.2960950503;1138.6026907923
926;99.1359855788;4.3965446988;0;820.9809722549;1181.8966016409
927;102.9040662616;4.3163952515;1;930.0563344558;1078.244334881
928;95.2925997377;3.7586515468;1;1111.5053008645;1169.1787720734
929;96.2573106843;3.757188907;0;1007.8003882469;1194.9771755988
930;101.9851985099;4.1125777524;1;1094.8905369598;1281.777843043
931;103.2373670761;3.0173156341;1;1032.6370656415;1301.1402463485
932;85.2313198477;3.2470384333;0;1047.4540340311;1209.4930884341
933;94.7802374378;4.1760312322;0;975.5278021011;1269.3767445161
934;112.5766671922;3.6896436422;0;1094.5588984213;1096.0646907735
935;77.6288183096;4.0548745365;1;1067.1656745396;1227.773052102
936;79.2568312252;3.7830124184;1;1084.4978488018;1210.4904037868
937;117.7349835218;3.5283927442;0;799.4452147402;1144.6536839833
938;117.128160663;4.3103000989;0;1048.9750295304;1193.6497176594
939;91.9406751268;4.0678896775;1;1067.9915058782;1272.7199615979
940;87.1797167707;4.6053744008;1;1046.9955942468;1148.1932453446
941;104.1011894301;4.7306823766;0;917.3102918203;1027.5456173089
942;90.6495993786;4.3689962654;1;976.5759855481;1108.5933563309
943;105.3369245376;5.151120177;1;919.9840697587;1073.9575078115
944;91.6842800353;3.9920664562;1;977.1105401156;1164.2036922529
945;84.6876730012;3.5057959911;1;1017.3054223662;1180.1849503247
946;104.7637443569;4.0811577048;1;870.6756567564;1215.4565691923
947;113.819303427;4.8063916279;1;887.9625785406;1094.7220586324
948;93.8080169202;2.9971731165;0;990.7642704038;1299.3648007829
949;99.1032830961;3.9328862271;1;1049.6152596662;1174.3427062388
950;102.4247635764;5.0539675351;1;968.8558172593;1187.6408076581
951;46.9987231146;3.3776318307;0;1142.2107366036;1407.1515211843
952;109.5114590859;5.1395505053;0;1047.7918151499;1087.7771499231
953;100.6344286049;4.1651216781;0;899.7629218098;1300.8194213533
954;107.49773628;4.5520863204;1;1058.2015164843;1245.2711197348
955;107.2720867026;4.6121240777;0;1016.870496967;1091.0838587551
956;102.0745117361;4.3596674063;1;1013.3184710057;1143.0241716125
957;112.4507129669;3.7919131561;1;992.6072804389;1164.4671754021
958;120.1057919148;3.1354912626;1;929.8019029592;1216.4504130373
959;163.4112960035;2.9420748074;1;819.2575756598;1064.5944401558
960;100.1916115413;3.760840296;1;1023.824409755;1219.0250194368
961;109.6533403239;3.7125465836;1;1002.8520238747;1188.7805266496
962;105.4878526268;4.1249999846;0;974.7629283027;1116.6060896549
963;100.8421998365;4.9280025769;0;917.6833334063;1247.3701645646
964;91.912733106;4.4534448516;1;1013.4682395852;1064.7118244154
965;94.485306931;4.4437403876;0;997.7395690874;1228.3165883262
966;99.3626228726;3.6458814626;0;1021.2824456975;1172.141390337
967;117.6758222171;4.235171629;1;1059.6262618366;1104.069716496
968;117.6015952499;4.3179452042;1;877.58890234;1058.5816668048
969;106.4327840473;3.9248675129;1;968.3123336074;1193.8651328821
970;115.1286159933;4.5525479898;1;996.3485555144;1154.2387372164
971;97.5224857738;4.1505112219;1;991.5197659819;1116.2727019497
972;81.4769686459;4.6614241784;0;1060.6541383843;1196.5548636189
973;126.1733268537;3.6903074269;1;889.2608069189;1234.6246200036
974;83.4409015391;4.8727096663;0;1004.3260639017;1185.6923904871
975;111.892826196;4.6544072698;1;953.6452563703;1106.7091285835
976;110.5915281171;4.6717328389;1;955.8560424074;1058.0723692067
977;85.3833069778;3.5305165041;1;1003.5513658326;1274.9818188486
978;107.4276050801;4.9164883949;1;884.258019284;1184.9285960829
979;87.0575169112;4.8060189582;0;1082.7493767392;1060.2544378258
980;98.9098662038;3.3983038852;1;1047.4737623316;1262.178882557
981;105.2777757099;3.5379022705;1;1063.548627983;1269.795597176
982;122.3149904332;3.3649776565;1;979.9208409671;1230.0044352161
983;90.4088264431;3.7141143792;1;1070.690265888;1241.0421678398
984;86.8638875598;3.4204630795;1;1062.0394722912;1288.1095675077
985;89.9723326777;4.5041389483;0;1045.1916225041;1251.215359828
986;103.1217879113;2.9581278592;0;986.192517334;1198.5732264223
987;84.0178828914;2.7616510024;1;1148.341093383;1383.0490846355
988;87.0336538507;3.9371823485;1;1046.7485153066;1340.310547668
989;89.9911988345;4.8282716815;1;980.5101898554;1080.7420346256
990;98.0708953513;4.2873596027;0;1092.2366650108;1207.4296086441
991;86.5749744754;4.4963064376;0;1145.4726887785;1248.0803572859
992;65.3983969167;4.302092724;0;998.4536652765;1222.456641695
993;107.2236894949;3.9724068042;1;889.8550522711;1094.8109009474
994;75.0013314404;4.9776908802;0;998.0004585034;1150.453312722
995;103.5577550155;3.7959949723;0;980.9301897156;1213.0279280731
996;88.0415724249;4.7545893498;0;1005.171890507;1097.29363426
997;107.613574775;3.5522893864;1;1008.9629687427;1187.0500400323
998;100.1079392457;3.9924658342;1;1106.7587828664;1274.3178248426
999;115.0260281226;4.8068715796;1;960.2826780361;1250.3176750393
1000;78.0200334176;3.3640369857;1;1057.6770077952;1150.466929155
