"iq","hrs","sex","ms.regular","ms.exception","reading_time"
93.5866550304152,4.04644549576209,"female",1046.86269365588,1192.92326939714,"medium"
82.2073199232763,4.32038634663949,"male",976.721259529179,1183.22901911808,"high"
89.0238957754217,3.95090978782678,"female",992.426731026121,1280.98046931397,"medium"
108.893276343894,4.13107843106911,"female",914.155289342499,999.458103099185,"medium"
81.3310605709536,3.86552844173118,"male",1124.05819161489,1260.52870292869,"medium"
89.9213411442725,4.29268023786987,"male",957.06060243837,1181.08695199056,"high"
88.7207582315148,4.51125930760683,"male",933.582789830441,1163.90118607835,"high"
103.050890267849,4.26797785522895,"male",1068.43029422577,1167.99218042419,"high"
104.622744072709,4.08246146614618,"female",998.138435059135,1179.32976765579,"medium"
95.8566894707267,3.81773028806588,"female",918.555265623941,1205.88096456169,"medium"
77.3429404212958,4.3679546978635,"female",1032.30057218677,1346.23922689938,"high"
78.4035957175457,4.8805043034428,"male",944.082624554411,1215.06505391022,"high"
101.923550699059,3.70225603804299,"female",989.651953187333,1234.53403744698,"medium"
124.882384328983,4.48149293863998,"male",904.298232259417,1264.86319601028,"high"
102.318148043493,3.76368174513767,"female",1021.7647135043,1376.68075262664,"medium"
90.4413387594548,3.7792518891015,"male",1112.88228966174,1207.69165515809,"medium"
90.4401039171977,4.92837069783425,"female",1045.81400056374,1251.02918430095,"high"
60.1681156170053,3.41014262455634,"male",1193.22519682899,1336.68657499862,"low"
91.7831979271982,3.58676137891446,"female",1051.83413247102,1174.86066232272,"low"
86.3754757230066,4.54034398516492,"male",1052.84091200407,1114.90925468529,"high"
118.466604360349,3.38964032215313,"male",968.564268483348,1187.52585923573,"low"
90.0567401680021,4.60546089577994,"male",973.588252493247,1223.40403197983,"high"
92.0618322556272,3.33957072329098,"female",1022.30748327529,1200.73605709064,"low"
106.105169798884,3.95677401247924,"male",991.606515146801,1196.74372012149,"medium"
90.6645390213364,3.75949660638317,"male",1114.16563804484,1298.50821080797,"medium"
123.441840553706,4.14362914670662,"male",880.323389670251,1134.3583491927,"medium"
96.0957346809936,3.70718265249559,"female",1066.3749124538,1219.4292772903,"medium"
111.177603840548,3.957115921907,"female",907.243984121534,1125.05171116273,"medium"
103.727717178347,4.94886041457591,"male",989.754244069905,1286.49497588112,"high"
99.4143670408407,3.38762912731394,"female",968.00077544118,1172.00306926021,"low"
126.928835046087,4.16745707154458,"female",900.71792782884,1201.55451427084,"medium"
95.5111694924068,4.24557035842686,"female",914.687970013012,1204.36346685441,"high"
84.1000502506924,3.90744684941447,"male",979.7168685362,1297.84574739087,"medium"
116.959086860688,4.58931264996506,"male",1036.74041454905,1066.24232489409,"high"
92.0114796675254,4.15604726429755,"female",1023.65268307996,1163.76410603341,"medium"
106.954793772649,4.6822319871566,"male",871.556986538872,1288.90937966186,"high"
96.5904774434009,4.01057071276241,"female",1047.86869034382,1071.28620890029,"medium"
85.9997377804435,3.0975357939312,"female",1012.39271260585,1291.04270420962,"low"
101.823768331259,3.82722117337489,"male",995.352107732916,1238.41865451113,"medium"
90.7821627466321,3.4452486032624,"female",1049.22964467566,1321.27018782046,"low"
97.5590130898937,4.24350013557461,"female",1008.79185710464,1141.49641432963,"high"
110.495446175902,2.63504314937222,"male",1011.53713350758,1134.73609134756,"low"
93.707273835902,3.96978659196673,"male",900.266613588459,1167.92893359806,"medium"
97.7611196163707,4.1694432939404,"male",953.195891692393,1274.58822472827,"medium"
118.78867436736,3.76495442036004,"male",925.293884526053,1196.10933459479,"medium"
112.463648967438,4.35656293376427,"male",968.430407199815,1127.31865062876,"high"
104.7953467252,3.21125605387356,"male",997.601822500068,1201.80778326572,"low"
89.3425040304168,3.79848690634082,"female",1074.97040610936,1449.96940696087,"medium"
116.428643922887,3.79612912433499,"female",969.703868181901,1146.60325925968,"medium"
97.0673577844905,4.57690343664585,"male",977.10607302058,1203.9394064274,"high"
86.0131433111725,3.67499337592085,"female",1050.4775629632,1101.89899023204,"low"
83.58497641695,4.56616217102034,"male",1114.28268852069,1266.57835985811,"high"
103.670405291677,4.05196199197476,"male",1041.79322443592,1236.08879758507,"medium"
92.9206053597132,3.46017630833834,"female",917.935859446895,1263.29950601151,"low"
107.541185260977,3.57246129875877,"female",999.188052475292,1330.9401060951,"low"
105.253647958961,3.58055693598909,"male",1038.21913107711,1274.66496427737,"low"
90.3609362507044,4.77129622295103,"female",1028.01903686122,1220.420350195,"high"
89.1751394878135,3.58671998277077,"female",1034.13588087174,1187.19280305111,"low"
96.8189384492762,4.3620243271531,"female",934.748505253411,1034.29722883215,"high"
102.137297207061,3.84027555208256,"male",992.727133218014,1257.49073924831,"medium"
45.1257242239638,4.21680257042213,"female",1099.36693324459,1254.77850634382,"high"
123.991740232043,3.68105486074085,"female",958.33395189189,1050.6620275812,"low"
123.096729869597,4.18136418879092,"female",1001.91502009705,1184.22723525556,"medium"
78.7290090554681,2.86022543686734,"male",1128.49074351031,1361.00629504529,"low"
96.8103639047735,4.3308641140675,"female",984.878478191961,1306.49902373138,"high"
94.8497088276015,4.89108517226959,"male",1044.34318259229,1184.16097618729,"high"
115.8230419972,4.3191892138558,"male",873.535917761651,1046.4388761522,"high"
80.8856160284521,4.38723862782237,"female",1013.50140938997,1301.054616378,"high"
117.792170610004,4.13237246342574,"male",961.669174909475,1158.60371046801,"medium"
109.499291853121,3.32254263351041,"male",924.540227793045,1099.01479589106,"low"
95.9587529781264,3.90469986022023,"male",972.003386591856,1108.16340950033,"medium"
111.171405044098,4.65653379342679,"female",925.862145157771,1116.56988410151,"high"
106.669498686308,4.1816962489658,"male",868.317410227489,1135.9877378081,"medium"
93.5842801851408,3.04601224486878,"male",1028.3732865818,1375.22527003241,"low"
116.445637458684,4.07336078739895,"male",935.207929949389,1093.92445206735,"medium"
85.461117620577,4.02043279815183,"male",1034.64737912723,1264.13402580506,"medium"
115.28875352797,3.74146556511091,"male",939.504251807645,1153.79695794824,"medium"
79.913445603306,3.7730760260151,"male",1076.15201151326,1294.27132718648,"medium"
102.402175089865,4.14165976636987,"female",983.408387416357,1243.51024781083,"medium"
124.050129267551,3.93668413093557,"male",909.342310190186,1068.18872724243,"medium"
86.880789319533,4.02136238530479,"male",1010.14235453718,1191.64584991794,"medium"
97.0804313368857,4.57364198707046,"male",1088.47022740695,1179.69873228685,"high"
113.227236379016,3.56592566328318,"male",985.752117983696,1139.44732817182,"low"
93.5688914599517,4.8464468730229,"female",1022.81862221455,1115.27612999947,"high"
123.643823043822,3.8004880454545,"male",947.467440281795,1031.60383017952,"medium"
106.383761665019,4.02118218811692,"male",1098.32002649315,1171.30460016913,"medium"
95.4681366334367,4.29248767165791,"male",966.45307141749,1220.52524522639,"high"
94.92469090373,3.98816892317176,"male",1068.54093196903,1248.35377333356,"medium"
115.556442814764,3.0037104498322,"female",990.122439642152,1166.2321392966,"low"
114.470534863582,3.77815130929942,"male",1013.02563218,1207.85284683972,"medium"
125.852906873293,4.62951471996765,"male",897.553155758314,1096.9688518912,"high"
98.6006259585808,3.79407435459412,"female",1055.02223956508,1237.87935592869,"medium"
95.731207913183,4.24188785947757,"female",1160.08002212923,1285.79748783162,"high"
106.282689460141,2.98143474609532,"male",1027.87346109631,1133.2607231963,"low"
84.6235822538202,4.25046791094061,"female",1070.75720382255,1365.29235962789,"high"
98.4623444916367,3.67293645833345,"female",886.58727975719,1229.69014437047,"low"
107.146352275252,4.04211329730365,"male",897.370598837281,1176.25298466202,"medium"
104.121187667066,3.88709774937898,"male",845.09427367229,1262.35921849455,"medium"
70.4675881958871,3.93503325740916,"male",1263.11610198757,1234.03526005299,"medium"
92.8985055659413,3.906311491693,"female",1010.34634507739,1258.27886030746,"medium"
104.652653785379,3.50328455545415,"male",930.029119276105,1266.29411997072,"low"
110.582647514376,4.34485734994468,"female",876.870132275793,1203.23737861451,"high"
140.067499180108,3.87191084173669,"male",951.536038874868,1061.73269416437,"medium"
108.624605192676,4.68576375656615,"male",1030.17606480649,1043.15159686134,"high"
114.352279229625,4.00808199132055,"female",912.270454411399,1106.78262943062,"medium"
113.252843253682,3.60146069559553,"male",971.019373291027,1185.46141164354,"low"
114.222661225064,4.36126119917584,"female",861.923852746434,1081.54688896551,"high"
111.08589498174,4.16626650334952,"female",941.525547791012,1213.88171140831,"medium"
77.8489504479158,3.76366693967369,"male",1007.9204553401,1331.12683679352,"medium"
91.797715243032,3.5510834753735,"male",1099.26017624863,1375.85943409124,"low"
96.563815601051,3.64085676659864,"male",1037.05263175347,1232.9815297313,"low"
103.036386420152,4.45127567800799,"male",1032.44841486951,1168.38666533203,"high"
61.11300447751,3.94634532400611,"female",1178.1274094021,1133.90018263268,"medium"
98.0552659880013,4.61013786076715,"female",986.401143725806,1246.79229604274,"high"
103.368195315658,3.41924999009121,"male",980.938521824264,1209.21681827602,"low"
95.167677325379,3.81494957985469,"male",971.645892386197,1227.7373291499,"medium"
123.572064696337,4.03096178016147,"male",874.482657598434,1182.41860512951,"medium"
93.8665653191413,4.22098548095721,"female",1009.31441407296,1236.89049425637,"high"
112.977549218625,4.54128567021649,"male",1016.88727826115,1185.129668437,"high"
84.796521562546,4.01910281485637,"male",1057.89643783852,1400.5056240171,"medium"
81.9599674304645,4.24671184163253,"male",1027.76273101999,1211.73225920862,"high"
103.618692804596,3.90798567259877,"male",910.476312887178,1090.34018465494,"medium"
107.600229820601,4.36670261541238,"female",1077.93145238963,1225.62085006387,"high"
81.8366749703877,3.44266396002046,"female",1145.72171263621,1233.26110398829,"low"
98.416947539354,3.54825403721596,"male",943.921594987756,1140.1873395263,"low"
89.8873775622303,3.94419634387147,"male",999.319375585983,1225.07943239208,"medium"
73.711138783113,3.16153359449549,"female",1042.81031100406,1252.52407067975,"low"
112.706579474074,4.3751208360249,"male",1027.19308783937,1150.54058566194,"high"
83.5965322300173,4.52973917045988,"male",1089.31884757786,1234.84857591989,"high"
120.312040057318,3.91946410898549,"female",902.813001173964,1132.92373430193,"medium"
97.2161624851268,5.47202083507239,"male",1055.0338225377,1255.86821235704,"high"
145.250953584102,3.53451334689073,"female",700.972188449968,1046.18653650258,"low"
101.334564935471,3.50360152417846,"female",976.45381193334,1329.08564567437,"low"
109.912938549532,4.3871508154317,"female",989.504566188262,1259.01332154027,"high"
103.375655186465,3.28156840444403,"female",1020.42076261718,1180.99805456738,"low"
103.7081613933,4.34922676724706,"female",897.541764106129,1245.46237276209,"high"
83.2293526478798,3.72202014038653,"male",1084.51834360393,1211.70490656482,"medium"
78.36228378162,4.71128312222858,"female",1052.06576731321,1237.4977916755,"high"
104.815687938491,3.25293894295448,"female",1080.84016317296,1273.56200533774,"low"
88.6913268965067,4.49980671572146,"male",965.165180075647,1218.76315368226,"high"
128.703818221654,4.33948125737363,"male",886.73728416433,1032.15105873202,"high"
81.7077272955696,3.97049229045046,"male",965.399934968487,1205.46661633386,"medium"
82.5038933406263,3.67618502451886,"female",1099.10668314801,1184.8801511803,"low"
105.911131432739,3.93648882875812,"female",1087.47927814506,1289.42357993069,"medium"
81.746447586825,4.50682338523618,"female",997.43185734262,1165.13861259226,"high"
109.644474924247,4.36176824887324,"male",922.27080274766,1266.02531168464,"high"
114.941246803333,5.07631661042132,"male",967.251976063708,1110.68683684335,"high"
89.3383963243601,4.62709073522481,"female",999.890313160869,1150.00028969585,"high"
93.8474128160422,3.64816218851295,"female",1014.40936200745,1160.84292760123,"low"
83.5382130860031,3.55697435275449,"male",1064.03502293821,1204.10914422898,"low"
66.581497355949,3.67312111201153,"male",1188.74908850783,1284.41476339744,"low"
65.0247697182565,3.56126773815255,"female",1053.38157305603,1236.13358769494,"low"
104.54610015187,3.75275889702676,"female",977.931322864157,1187.25486906369,"medium"
104.268207327685,3.91272490148822,"female",1012.70941540472,993.219760243254,"medium"
100.123877799016,3.59021788995553,"female",959.907224168592,1181.03631618713,"low"
87.3200242773393,4.47014004969498,"male",1134.27441288986,1048.80243618823,"high"
76.1506071249131,4.59157576677988,"female",1021.64094444577,1166.43892869507,"high"
105.673587946163,3.9009553067497,"female",952.939748003532,1281.16016187416,"medium"
99.8067962098912,4.16817315936873,"male",987.924706216127,1196.84089285462,"medium"
106.991034595353,3.6291375385567,"male",881.859840948642,1240.06021826345,"low"
77.2142587570041,4.69213158707803,"male",1047.65200840877,1321.35355193161,"high"
110.909719796931,4.32352947158867,"male",960.354412100498,1164.40981401844,"high"
96.3131414002064,4.06298041479608,"female",911.953932854425,1225.32419241951,"medium"
90.6572022840345,4.03565343003615,"male",1020.80690798802,1266.28398206799,"medium"
93.9460863085818,4.15247378178823,"male",1027.79928698341,1231.57770284975,"medium"
97.5309448883236,3.74201713801602,"female",1066.93936540453,1137.2534794892,"medium"
119.732294004933,3.46172562311919,"female",937.689412927709,1068.76152139855,"low"
98.8064988360483,4.57257658836536,"male",1005.81154713468,1286.78473566465,"high"
72.0022017176334,3.67907698822492,"male",1113.88772126935,1163.61747699783,"low"
86.3838302759023,4.27345558261316,"male",1032.57697455657,1224.6707101793,"high"
104.731377991668,2.86458104045268,"male",919.989007277614,1255.78896482223,"low"
93.20082678801,3.56088267547847,"female",1014.28843162984,1284.143516317,"low"
107.1280860692,4.6536155680427,"female",1058.51816902645,1110.28959022961,"high"
100.409943466694,3.518699757489,"female",990.296083737512,1305.6602886453,"low"
104.800255179324,3.4009169974381,"female",1108.88705668033,1153.55711433515,"low"
102.187914081843,4.90648041477343,"male",1055.2183919568,1042.52327901233,"high"
100.738311003428,4.26377088701951,"female",957.520446414485,1185.85478466861,"high"
84.416386436371,4.72809497829118,"male",1040.73994414239,1058.9908795235,"high"
80.997943997902,4.24223676402941,"male",1102.89791222814,1156.15603162681,"high"
103.123777301051,5.42853366144297,"male",928.518705106054,1136.51341751906,"high"
97.7507195139786,3.38501828912899,"female",1012.8093571692,1190.17352234065,"low"
114.144906251693,4.77494596198906,"female",928.230899054466,1124.31256865624,"high"
119.864464941225,4.38633864789064,"male",962.838399595981,1157.24417011335,"high"
83.5117869326219,3.74024345612002,"female",1059.1592746093,1190.0810860368,"medium"
96.862450404483,3.82430778183038,"male",974.947199739807,1236.90710808988,"medium"
89.239802258369,4.14857017334257,"female",929.75938159269,1274.20405202382,"medium"
76.5608284918474,4.12547179377211,"male",1062.74253538218,1245.14887394638,"medium"
96.4359270401622,4.58096115790423,"female",1013.83865486736,1114.30669688362,"high"
104.074786880567,4.37334839664647,"male",988.146046073037,1295.74520741169,"high"
112.406339600213,4.62890666472511,"female",945.093204750742,984.992294764183,"high"
104.862808571314,3.90940927056948,"female",1005.78839469926,1169.55843965557,"medium"
102.93805893825,4.60156456958224,"female",994.763004609377,1139.94565312078,"high"
114.600531594922,3.38059249541777,"male",935.869410879766,1197.49196528217,"low"
107.416782211873,3.16641998226618,"female",982.733025303574,1294.35256000833,"low"
95.2391263642737,4.78279851227719,"male",954.90042306527,1165.79285928386,"high"
118.675031947652,4.17994408574056,"female",854.390057910498,1202.51944912721,"medium"
105.745159638324,4.01856190599237,"male",921.468882983251,1169.73675623602,"medium"
110.592940241732,3.87323772358062,"male",1042.81393102126,1241.98387939354,"medium"
97.9791802400376,4.73099161540582,"female",1042.77784218667,1257.12409343259,"high"
88.9713293470501,3.4224026459948,"male",1064.19518507811,1236.91024181013,"low"
108.03589945917,4.36337868402933,"female",990.231910794665,1255.67137474957,"high"
115.817036191222,4.64361485610627,"male",1011.09834624918,1169.21874452661,"high"
92.385613326838,4.18758144491914,"male",966.05071062866,1147.60109949067,"medium"
92.4327259554036,4.58703227402958,"female",1028.95364379296,1189.59935902291,"high"
112.157280870911,3.79105224232174,"male",950.837248887166,1165.94789900496,"medium"
110.469594377189,3.93780101795281,"female",967.567640339725,1183.86082831324,"medium"
131.055969580663,3.04213632330973,"male",904.724774644438,1149.98161688755,"low"
106.440235602575,4.75498700854068,"female",929.252812173124,1066.29677943035,"high"
97.5871423385923,3.31709172640327,"female",1028.14890581077,1329.34866713344,"low"
108.771689491277,4.73495316201934,"male",969.075542543333,982.589360976274,"high"
92.0233674934982,3.31478173672431,"male",948.824200146272,1297.90905394409,"low"
145.219432393227,4.26220321542693,"male",908.470949728982,1017.3003987839,"high"
96.6901136436908,4.13499755068967,"female",984.41535915591,1281.36364982595,"medium"
85.4718593825068,3.81566683816598,"male",983.527977507267,1077.28091335168,"medium"
127.70441932949,4.26824595721009,"male",984.296042862723,1170.65221663113,"high"
116.297553954868,3.77462134963448,"male",966.42007799427,1027.71092045594,"medium"
88.4733414964717,3.8242773093845,"male",1101.10297064198,1310.17540597718,"medium"
94.6123523406697,3.77561316044737,"male",941.407432944257,1217.41757588382,"medium"
127.938668251992,3.38210100875274,"female",898.080700705368,1218.76386455786,"low"
97.5544101523375,3.49383429342335,"male",1005.98633226378,1276.30003122961,"low"
102.77045281723,3.34452028895144,"female",908.6407940063,1231.66499330042,"low"
91.4896005867377,3.0030659449601,"female",907.9309447058,1313.42281122618,"low"
107.613371448071,4.12919332894716,"female",952.531799746557,1287.15510878182,"medium"
94.5119500885761,4.16790824701912,"male",1015.14018694966,1210.83851852735,"medium"
91.4755504172727,4.4431900606913,"female",998.258945058957,1105.17181967948,"high"
116.884095995211,4.22431387394677,"female",969.097157218512,1286.61779386513,"high"
124.901536643199,3.33329629366376,"female",950.435688224285,1154.21176498867,"low"
75.1507044847094,3.61603155929705,"male",1038.20400469722,1108.64704176318,"low"
98.814000691019,4.26560972949973,"male",1068.95774566512,1218.4223829625,"high"
100.059494395106,3.68411833303441,"female",917.561322262489,1127.72205464791,"low"
102.083735886271,4.26171069607904,"male",986.84352676012,1091.00493158431,"high"
112.05820406573,3.88256545750058,"female",956.511243443068,1233.60916074762,"medium"
122.411521765953,3.92705189576717,"male",998.7705785829,1113.02523103938,"medium"
111.2210104204,4.20121690071727,"male",1092.75662151896,1187.4683477665,"high"
101.236590442003,3.95288892628654,"female",935.084058253599,1113.81747242511,"medium"
89.694476806023,3.07290173316049,"male",1183.28149719179,1302.62939367998,"low"
93.3575162970417,3.32397002354604,"female",1048.30178705971,1210.29498832475,"low"
75.3350783140199,3.76038189235963,"male",1177.75347012531,1261.37089388112,"medium"
109.23014547133,4.3967988607727,"male",878.629138995925,1203.53164365672,"high"
103.177427315914,3.54832036167724,"female",917.669636908168,1174.36412205277,"low"
95.2210657350933,4.42951900659023,"male",1084.58107933043,1244.66192417218,"high"
87.393788204296,4.17830903606697,"female",1022.21170213828,1197.28380714032,"medium"
100.987198591777,3.58356771181362,"female",1043.54652824805,1197.94312795709,"low"
97.444604971061,3.53664047113209,"female",1125.40022818599,1208.34810482401,"low"
90.457989054067,4.87870663958831,"male",1134.93221739164,1142.72830751675,"high"
114.95599787965,3.11403675488033,"male",977.591299817192,1211.16548618721,"low"
84.6659293768428,4.00012793871248,"male",1101.45960982681,1229.06769940779,"medium"
116.445441598215,4.13498993320815,"female",909.097438965257,1125.35407423884,"medium"
114.078533093281,4.39207169721926,"male",952.387480563428,1223.81590209414,"high"
72.6927749742742,3.56598179692236,"female",1083.90293681322,1271.726356728,"low"
124.536819634999,3.94354206548532,"female",1080.46119491191,1150.31600977319,"medium"
120.252479391773,3.58112392786814,"female",856.139245200178,1125.3769450365,"low"
84.1235462309341,4.76497797878396,"female",959.912393921421,1137.26725861718,"high"
120.253952988309,3.654062548234,"male",971.494617820158,1122.06096609126,"low"
109.765094685664,4.44248765917804,"female",978.539010308078,1068.79946019946,"high"
81.2934776388354,4.05263365050047,"male",1080.71650485343,1227.72092410083,"medium"
96.951427485693,4.4921474609304,"female",953.093796455186,1211.88308586269,"high"
72.2013589020696,4.52041349322582,"female",1065.79431477721,1217.38180835692,"high"
101.380363199729,4.50094424853341,"male",988.635275074911,1152.05214669235,"high"
92.6402680129402,4.13967382431768,"male",1114.44745356803,1266.65059061899,"medium"
100.198191876435,4.34752358878783,"female",1033.46846178465,1138.45664330153,"high"
104.912181622225,4.13264536055838,"female",876.482740608213,1285.92118290722,"medium"
104.058616011162,4.23609140556397,"female",979.692883072865,1202.26315020233,"high"
114.178671695675,4.11287311665879,"male",905.327053766033,1083.80601192837,"medium"
111.566480915247,4.60844706039149,"male",953.764943102054,1174.84995088139,"high"
89.3627797398148,4.14924742811638,"female",1061.94778274083,1307.13122033828,"medium"
106.569316560168,3.79570115121413,"female",889.790180440676,1149.79994632379,"medium"
102.315649488081,3.97233382309382,"male",1045.01373719363,1191.13273605397,"medium"
90.7970160812706,4.02685692857766,"female",1072.33995816431,1187.15045849484,"medium"
90.020735848455,3.44068323046163,"male",978.776700714026,1121.04553379288,"low"
121.300839141365,4.30387805233499,"male",963.170250144226,1123.90787902188,"high"
109.635400639422,4.03649694656418,"female",923.946334228054,1156.86023227268,"medium"
99.9056363834935,3.91340550702032,"male",1045.82649784383,1109.6928283504,"medium"
97.9741712265398,4.31330070436382,"male",998.85588548554,1015.91742117503,"high"
88.3814548496244,4.31775406762804,"female",1100.72184926459,1109.26812817158,"high"
99.9210349259407,3.22255837282245,"male",985.37403308355,1250.98071866628,"low"
77.2838600158152,3.96712161517733,"female",1024.14484396381,1144.17499111814,"medium"
77.6746220994105,4.00663637383291,"female",1119.68629495975,1292.93163013318,"medium"
113.393341832023,4.76545620394915,"male",885.616209586604,1216.84023503458,"high"
127.43419680718,4.11383063148436,"male",956.29717469841,1144.34288608292,"medium"
81.2509373522235,3.97565980513467,"female",1043.09985665339,1238.45821123049,"medium"
84.0956370407383,3.89986927401921,"male",1004.97983770261,1253.30601080507,"medium"
105.449802727764,4.01281304392951,"male",975.745851615037,1086.94798129558,"medium"
95.48548880942,3.97291850102497,"male",904.06194188624,1178.38797354353,"medium"
103.589332820373,4.44692614544041,"male",1056.27534171024,1274.89192283307,"high"
71.4300208752132,3.68456960971086,"female",1055.06072259823,1163.58270180478,"low"
113.390738777063,3.72917017534133,"male",877.066024429552,1177.49625026532,"medium"
74.2673720420301,3.65453656605265,"male",994.065822255363,1241.47651707887,"low"
107.525521542815,4.39418192658261,"male",1010.48894944705,1163.56767701603,"high"
106.986788155404,3.55961071702679,"male",976.104364732407,1183.26854627898,"low"
93.6536559105774,3.92286096760923,"female",1021.83950785865,1209.76388916464,"medium"
100.945722575279,3.15918276093651,"male",916.594688793505,1309.24157203325,"low"
97.8778501437492,4.03543800137478,"male",971.625463034482,1141.52560015476,"medium"
69.7669172516086,4.65660964984227,"male",1031.18144778246,1181.11043699171,"high"
109.359506053457,4.74870530395989,"female",935.925504914967,1160.80092457853,"high"
99.2194532736528,4.36630599844764,"female",902.609445865026,1123.4507667138,"high"
67.6632774887468,3.36552295222773,"male",1086.18053791887,1251.80323878876,"low"
92.6349887842107,3.91012505794194,"male",981.671515610613,1256.08856813358,"medium"
82.6300425252813,3.82257645669545,"female",1032.07366179056,1151.98674345654,"medium"
114.164588599432,4.24278089996895,"male",976.292482615088,1139.39167800995,"high"
81.1757580807928,4.53749262075515,"male",1119.99632593041,1148.6285142224,"high"
112.681090301188,3.58500470272157,"male",902.387374314161,1215.38843182387,"low"
117.931669583258,4.29234812860301,"female",892.791056480564,985.18346977832,"high"
98.4861279214208,3.78370645858922,"male",1133.86816280317,1259.5291370066,"medium"
106.592191819066,5.07648326522575,"male",955.791404085635,1234.98139486317,"high"
125.653595102009,3.87563946229889,"male",825.08914488005,1212.93595455063,"medium"
89.2688732116686,3.77102538850957,"male",1030.13687892033,1181.00345794095,"medium"
121.803841149231,3.77085436257777,"male",925.972400691498,1125.85941158142,"medium"
79.168101276173,4.37163221709076,"male",1210.53168304378,1236.4602595037,"high"
109.087798709385,4.23087112330003,"female",1013.43226706701,1114.68369337648,"high"
91.8621302598936,4.64608186503936,"male",973.342827533817,1253.64790073007,"high"
93.8765919939525,3.97085773012334,"male",956.77136389815,1087.99211794251,"medium"
102.989298964118,4.12376277033571,"female",925.143403121933,1170.78341147325,"medium"
86.7465069612103,3.35075995978457,"male",997.607320114307,1175.727617691,"low"
68.145572699574,3.8905612901399,"female",1181.05885238548,1199.98114512483,"medium"
120.498456981823,4.52854672571687,"female",994.949248588801,941.961168355722,"high"
98.761137381234,4.00900745713919,"male",974.712790464019,1360.57840525228,"medium"
90.4726944554922,3.85473689337407,"male",1074.32543779348,1234.83333297308,"medium"
122.132732352795,4.37847670183269,"male",1032.20509983065,953.908467964365,"high"
68.8017632114588,4.76958613946137,"female",1169.43543032259,1215.39968027568,"high"
106.056114437884,3.8724130983002,"male",1019.66624447677,1293.49760299043,"medium"
117.185101478792,4.15567369541064,"male",932.57563666831,1070.46819830815,"medium"
111.107755573644,4.62923489814392,"male",888.669155610394,1168.24847602291,"high"
88.9447981742594,3.63204105022457,"male",1109.33559329,1161.41353093403,"low"
122.364109149664,4.34249423109326,"male",958.968182107287,1103.98038494757,"high"
95.8022176803195,3.69774769930457,"male",1036.5195328569,1224.03214335458,"low"
97.818129238259,4.01753619099137,"female",1066.50957842091,1211.44239528581,"medium"
105.48088961113,4.51731012867344,"female",1023.8514030918,1143.79162059665,"high"
84.3967901894774,4.07757270196622,"male",1088.92673012794,1151.10450247382,"medium"
102.451015044178,3.01511648653176,"male",984.21146497427,1247.76915667335,"low"
115.726668017656,2.91983651720901,"male",1022.85699931216,1217.41613718608,"low"
85.5408950685702,4.7319679308305,"male",1063.17226481389,1114.44690235791,"high"
108.234150170019,4.03357691127226,"female",976.936393872808,1183.80125303109,"medium"
98.6139285254552,4.06127504400252,"female",1051.74530587307,1046.28478551536,"medium"
95.841143154296,3.71708292323426,"female",1048.7088166701,1247.45388161916,"medium"
100.424660992867,3.96882792785533,"female",906.78995451475,1189.7985398452,"medium"
90.0132110968243,3.54327326972323,"female",1061.62287956766,1270.75942145097,"low"
127.044177202647,4.19275199386869,"male",977.32052228458,1197.45060389255,"medium"
114.076536041083,3.93863167717816,"female",865.683020154182,1187.05243659903,"medium"
112.2341889093,4.84638576294325,"female",964.511188898318,1169.80345418185,"high"
92.9240865021636,4.29974066124185,"male",1091.85919108228,1210.51790361771,"high"
113.749060117672,4.10186966515518,"male",890.417521303157,1149.99890138146,"medium"
115.097724689247,3.80312331747603,"female",959.957751090654,1132.10677691004,"medium"
99.7839815783421,3.44390464667753,"male",959.496258939124,1268.8301742594,"low"
82.4334019207942,3.2223233689268,"male",1038.01681672303,1341.20531463383,"low"
88.1016610576529,4.90261115813817,"female",979.63701380765,1138.93625922998,"high"
112.157590925358,4.38215025126558,"male",959.86824412179,1184.90727946686,"high"
110.489069078306,3.07117215707721,"female",1021.11617548127,1239.88717783103,"low"
86.79964702742,4.13578866699515,"female",1117.64369471333,1237.00534714061,"medium"
61.3350673257472,4.36525747922656,"male",1083.96607682804,1309.28111864328,"high"
87.4052152100226,3.9269952961308,"female",966.817440792526,1173.33195554098,"medium"
86.885220260176,4.4457439318637,"female",1044.856533998,1233.16936318561,"high"
87.7550771965597,4.08300440225523,"female",1017.12556331921,1186.28453518884,"medium"
98.777155940225,4.17536428908677,"male",1044.47301981502,1201.04650469434,"medium"
109.314271038362,4.13421846775932,"male",980.097253733982,1357.75422283975,"medium"
112.753426084304,3.72581916565449,"male",988.228358764603,1147.45685986306,"medium"
111.108352228497,3.47667892262996,"female",975.496760897633,1255.88909268704,"low"
85.1675634674353,4.1604991405792,"female",1071.80490266795,1178.77188375566,"medium"
101.231801324573,4.68555803189948,"male",959.704870725478,1196.97376019056,"high"
108.251925781237,4.43522671242331,"female",1048.3888861448,1058.91375899133,"high"
99.4892954720756,5.21356255140332,"male",922.87637454269,1039.86151012822,"high"
102.949611437539,4.15125027501588,"male",1022.72707897422,1126.85869192567,"medium"
105.027396958566,4.27861992930569,"male",1012.00580805395,1295.93135870707,"high"
125.763826118658,5.04587441472751,"female",993.454158457183,1128.80777871086,"high"
102.078991225047,4.25886915635729,"female",938.681997884081,1090.33855849275,"high"
112.518984943614,3.82231262093496,"male",885.468259082323,1130.59878414099,"medium"
92.8196820077157,3.0909489669728,"male",1061.41925989858,1350.63374992,"low"
114.307420411736,3.49898180965752,"female",997.999680451919,1185.60379714197,"low"
88.8077501224121,3.27792534052112,"male",1007.56344126821,1284.66376756812,"low"
83.9956864398788,4.10909387037826,"female",1079.88846521533,1163.61097914938,"medium"
98.7390652841124,4.54838147245223,"male",979.609394895478,1056.43744758105,"high"
98.2277396334042,3.60081316699045,"male",1097.30222415917,1208.46438713617,"low"
90.4559982464829,3.9152077025418,"male",966.868016867126,1196.56459062004,"medium"
121.351063949687,4.48219141333521,"male",935.896821017342,1282.050474601,"high"
100.416060509891,3.41368631345434,"male",1030.44590822024,1410.55145679813,"low"
88.3618530753402,5.02602397850643,"male",1055.32374696969,1253.87780028977,"high"
93.3042889155794,3.83499896353739,"female",980.287870343481,1304.10021380469,"medium"
134.027404024308,4.19376158499263,"male",950.07083619012,1046.75052427465,"medium"
86.8309998303667,3.55245648056937,"male",1053.75519397151,1168.99609986243,"low"
95.395067482212,4.53544334183329,"female",916.21823829152,1210.0891295173,"high"
103.808937019757,4.15280294222345,"male",941.857412102983,1119.07253756229,"medium"
96.0201980360554,3.97368888563018,"female",961.921246966023,1289.42181868848,"medium"
121.856845942534,3.49447257306626,"female",997.622874214947,1091.46362661879,"low"
94.7530381965826,4.43235113787214,"female",1046.29124746618,1172.82871156648,"high"
118.617404164496,4.3458073210478,"male",942.064410561994,992.41450318387,"high"
93.3541270494698,4.01025412987975,"male",945.826900376363,1095.81562640583,"medium"
114.165326728879,3.99692506178642,"male",913.265851939512,1249.2124478627,"medium"
88.8945929015081,4.63233275554098,"male",1058.87746378036,1279.24135902276,"high"
90.4510975585554,4.56217138930961,"female",899.424747690118,1195.38139069086,"high"
102.159895257125,3.87819220148531,"male",983.347989227715,1137.75353556981,"medium"
91.4148786138308,3.85566397781892,"male",1016.22203777583,1151.88867580028,"medium"
109.437781679555,4.13944865058414,"male",951.106024677368,1252.06377044652,"medium"
104.743067989346,4.21655893217203,"male",960.10636457684,1251.67487090257,"high"
108.655306866932,4.44240265780154,"female",980.712598291057,1108.50781769843,"high"
101.361856606399,4.43491728796178,"female",993.297117071063,1126.87366175855,"high"
98.1792659289306,3.58803377471313,"male",988.502880438806,1299.78090494435,"low"
125.859553795329,3.37134266380899,"female",1074.48675978894,1233.93053924253,"low"
100.056329570171,4.47564633914233,"male",1068.36405893411,1252.55288843848,"high"
111.959583825456,3.40403253820046,"female",955.048455192794,1227.03195017887,"low"
131.160763790508,3.90612909380539,"female",892.350063263656,1129.46135923014,"medium"
98.1822175938586,3.85977898984938,"male",1109.00285775517,1164.29505907561,"medium"
97.0411932420347,3.75158658614048,"male",1073.08218881387,1181.91271420893,"medium"
107.618093580071,3.98941408760648,"female",1026.41668229589,1134.43063348881,"medium"
83.324928908988,5.19003312289187,"female",1011.21394117205,1160.29542247886,"high"
109.461275488617,3.27476721932362,"male",939.414702382183,1217.99149262918,"low"
132.876616455742,4.73651829916352,"female",924.127224546197,1015.64077159365,"high"
118.442322444123,4.45485918120169,"female",920.284026524365,1271.6973555166,"high"
127.698259526235,4.84511631695289,"male",945.209178148264,1061.88563702655,"high"
97.8978832534383,4.46609332329728,"female",1036.92080812622,1135.50698523614,"high"
99.8827408357674,3.57628473644907,"male",998.364570939839,1242.49620498051,"low"
76.512286140976,3.50910594562113,"female",1021.26820320452,1416.45471183631,"low"
95.6841981624564,3.44771404164722,"female",956.77616012333,1177.10404233702,"low"
85.6140088532339,3.60063184536354,"male",995.589193968098,1296.00674419213,"low"
131.742054781658,3.54869805183409,"female",868.155382051928,1095.73393069662,"low"
99.6838056602097,3.5163174095221,"female",1043.04270898297,1188.65424255274,"low"
90.8795102210972,3.84414268375005,"female",1054.28971441648,1174.56211972671,"medium"
109.819098011251,3.38044049495857,"male",982.925890546602,1151.31718208767,"low"
114.661816462702,2.42364815567926,"male",894.53248289961,1323.12845338346,"low"
106.296106808477,4.29822810051643,"female",908.190350163282,1265.95850680419,"high"
94.5705235420453,3.84112680187378,"male",1035.76794796321,1383.65580825777,"medium"
97.214843346926,3.74446874554486,"male",986.627250296885,1189.85177209697,"medium"
127.708405000462,3.28230101004034,"female",977.629714114916,1285.62098006241,"low"
80.4575231205142,3.52789358164541,"female",1050.08436353345,1144.34470187499,"low"
76.1801547629848,5.02542635737738,"female",996.904990664397,1233.82514033998,"high"
84.6304402391615,5.37468322092266,"female",958.658732009669,1248.39052422365,"high"
83.747629782505,4.46327702843955,"male",999.91027644648,1240.9667030983,"high"
54.5040096444448,4.24903543331365,"male",1122.52842044995,1250.44584695792,"high"
97.9520470875805,4.0373862934795,"female",1048.88627773865,1169.72318022217,"medium"
80.4707528215655,3.80511722871248,"male",1003.28363438292,1261.47685782489,"medium"
105.440754949053,4.09710061775465,"male",1020.19254224732,1118.09102409306,"medium"
94.2781708737733,4.58072738030046,"female",935.61052565655,1123.87995101248,"high"
114.140777670103,3.88797967563329,"male",1050.43356851535,1327.34616444199,"medium"
103.00481056602,4.2335745089671,"male",937.91568860339,1207.22541687199,"high"
116.993607570759,3.65710903868852,"female",910.14477108221,1116.6995402711,"low"
119.567076263328,4.04169249654109,"male",990.437456297634,1207.48817443829,"medium"
112.004610471026,4.55119478799425,"male",1003.24924561487,1198.00502919379,"high"
93.2656268587586,3.87782710809848,"male",999.240061571288,1127.96279175383,"medium"
80.789490147786,4.37273257468348,"male",988.925603658078,1212.13755352682,"high"
116.837386818432,3.03583262463064,"female",967.752591344682,1168.18278329112,"low"
82.8527336306008,3.63436001690991,"male",1090.2603732372,1446.98280575905,"low"
95.7001994908547,4.19816042254918,"female",998.665476310408,1293.60550273291,"medium"
99.9491800871318,3.49607752796543,"male",1006.65913389342,1172.02117928836,"low"
90.4387951494597,4.44428060470349,"male",1092.28144655082,1235.43955606142,"high"
99.150796990249,2.68164559759225,"male",1073.78585697874,1274.94705449499,"low"
97.3672310655135,3.8543522695537,"female",1047.66150680838,1277.12365702285,"medium"
107.029409081274,4.33487132398438,"female",912.657301091668,1152.60441664463,"high"
98.8211553594986,3.39910628918983,"female",1011.3294577252,1293.61883996707,"low"
100.82137877088,3.53651546899345,"male",834.49402883556,1265.30892572218,"low"
112.168155171627,3.40821080065842,"male",983.748364329894,1215.70697867446,"low"
128.213404461601,4.21955195346403,"male",880.326500785821,1125.10672891811,"high"
105.185476155062,3.43692588305646,"female",984.175318979448,1251.64019361445,"low"
64.8508962151317,4.3622519182062,"male",1048.7573701648,1209.73970953065,"high"
74.6582687075488,3.44090281277494,"female",1029.13439268097,1272.54447065073,"low"
94.7660313045748,3.99767929214238,"female",1004.93772941976,1371.60386494533,"medium"
126.661222214826,3.11756265481869,"female",919.171906438088,1148.75554999662,"low"
111.389621405168,3.02716906686346,"male",959.34888751602,1249.33395590607,"low"
113.88471960114,4.99679634151019,"female",915.132308803021,1026.25746728001,"high"
99.4708866822865,3.88872867681095,"male",945.919768499357,1151.81316690394,"medium"
99.8341681402693,3.47671124024244,"male",1066.82504375948,1177.71503769579,"low"
106.089056124489,4.29209490312308,"male",1040.6402490747,1222.61277926304,"high"
103.63045552348,3.78016645562096,"female",1023.87042705258,1232.18369859317,"medium"
125.971598629459,4.22203728933688,"female",1018.84356439444,1222.09213714852,"high"
100.251306053985,4.15659337239609,"male",1063.84915434981,1168.14875103211,"medium"
123.801356450492,3.62800344823444,"male",743.51748508744,1217.68074098869,"low"
101.673132509213,3.0840913538184,"female",944.667220598458,1249.49323186686,"low"
99.4368738043009,3.97282877280959,"male",1031.46652375712,1208.98025585304,"medium"
110.059334215418,3.50769502877929,"male",885.227592793312,1174.55771063095,"low"
79.6874660633341,3.49650372828158,"male",1080.83925199108,1172.01531233842,"low"
111.946277463844,4.01509333591482,"female",1010.26906359856,1093.76772485234,"medium"
93.5866538164698,3.2762735779528,"female",880.429739283713,1261.58909284984,"low"
95.2409936914796,3.87406695384671,"female",1094.50467861747,1202.59828238414,"medium"
103.291948354092,3.3858366015738,"male",934.027281322229,1226.68675101011,"low"
149.811855336742,4.09787551007079,"female",909.597074329971,1115.28928059551,"medium"
102.910014785293,3.98530197751448,"male",957.258290124942,1160.53028412794,"medium"
108.910928404674,3.44479467626719,"female",894.542479450782,1179.5338368828,"low"
94.5190888549043,4.6052994939064,"female",992.990887951336,1187.4827100286,"high"
85.6840321311764,3.60926396336768,"female",1018.04402988562,1319.33371232854,"low"
115.072301497718,3.18266596468054,"male",990.555293499608,1247.04963089045,"low"
106.201557766719,4.14974209342136,"male",939.286812303283,1156.47886122003,"medium"
110.887521804593,3.47038675602006,"male",1058.51565980353,1160.19880206475,"low"
97.9780402416636,3.76096764479367,"female",1026.11274930502,1161.5216317929,"medium"
96.1929035335544,3.95822284710423,"female",894.605237176608,1273.73237965893,"medium"
96.5870144459711,4.09806003402924,"male",1028.24766016936,1250.12039896508,"medium"
117.160132553367,4.11730186857484,"male",860.391019591408,1129.44051485628,"medium"
123.012840264465,4.60158653485608,"female",1028.22621486674,1066.21207178993,"high"
118.029156980225,4.56531304408147,"female",846.754625088711,1233.05536395477,"high"
113.836957445235,4.3819749817049,"male",947.670041860315,1052.85909035775,"high"
103.125055206303,3.99643214467302,"female",963.674681182204,1165.04654746108,"medium"
111.876672071111,4.1616113398647,"female",952.839923594371,1084.3203216823,"medium"
98.8444385498616,3.96234954557985,"female",1027.35163449666,1211.42226301787,"medium"
127.717834657902,3.95436419370184,"female",858.074048528302,1080.95247256387,"medium"
114.589868968647,4.45183297049535,"female",909.78131406109,1221.81516930498,"high"
134.343126168245,4.31439749901777,"female",878.357162814882,1126.03187258658,"high"
90.2530196363552,4.65131865550958,"male",1005.68784354236,1115.57367490226,"high"
102.178362721352,3.22466533431341,"male",910.389768575513,1202.54144903778,"low"
110.386387078802,4.13303539122475,"female",964.416787312268,1131.54071723596,"medium"
92.6719366539017,4.36963194137612,"female",949.861541939104,1202.84566862044,"high"
124.799287665444,4.52581271555134,"male",878.790010903683,1057.9954637081,"high"
96.6887479708,3.48897470036161,"female",1087.60177103323,1329.66167058968,"low"
81.9721869546283,3.75559215357595,"female",1014.7101583222,1299.91855429928,"medium"
99.0847510653215,4.40258507780101,"male",1015.66815886869,1221.54431004582,"high"
110.65262847155,4.61536038189471,"male",925.202948805514,1268.60277524288,"high"
88.8588645607627,3.97275904900747,"male",1012.55416556007,1249.65434587899,"medium"
86.3893064540668,4.16089361909722,"male",993.767900564732,1124.9514632483,"medium"
87.6012846724746,4.08732666555162,"male",919.111091188237,1195.45500167189,"medium"
109.954367381922,3.6605060098099,"male",1046.39687826411,1186.28875918282,"low"
91.9584911887694,4.08143873619547,"male",963.645176360125,1018.91488628089,"medium"
99.1052043608425,3.36606817811188,"female",982.185631150364,1139.28018594446,"low"
123.361759587228,3.50501094143803,"female",903.276555243723,1082.56070066572,"low"
75.2984494381931,3.9241594466481,"female",983.30147149545,1243.48020647952,"medium"
81.3270335647483,3.43254254024423,"male",1077.94959270486,1180.66773132343,"low"
102.010607417924,3.68832686428352,"female",1003.29299726021,1218.32623472887,"low"
107.283736888602,4.16705920990152,"female",1005.91084384479,1237.14101071183,"medium"
84.5430641334023,3.91330117685976,"male",1092.15642009249,1285.46468275567,"medium"
118.514405370994,4.71790400108093,"male",916.60254115518,1080.07355962123,"high"
94.7260745530199,2.98225384851457,"male",1072.32123730755,1221.99889408582,"low"
98.2257045415793,4.83219144732421,"male",969.230466563957,1238.10326107473,"high"
118.99206286878,3.3103652021597,"male",897.078302047718,1192.7942613149,"low"
115.293792754473,4.07384434221896,"male",938.20444542564,1129.09457411255,"medium"
98.5822487211668,3.23576094219926,"male",987.640975594878,1323.95476001679,"low"
113.600476178767,3.84007612603746,"female",1115.14537512738,1175.85467563255,"medium"
83.5888240055062,4.09266316415382,"female",1083.14870754155,1265.56910880206,"medium"
116.913393529661,4.58182317616502,"female",925.282610675995,1144.25733487106,"high"
103.933203953175,3.88393164411617,"male",1059.53405650656,1048.09016995726,"medium"
110.463567170328,3.63735473075905,"female",1013.55751439007,1206.44766532918,"low"
86.6000593046116,3.69340916536262,"female",1077.48129086816,1225.99632009051,"low"
101.575168753689,3.71225798121662,"female",953.415128066635,1264.45176074294,"medium"
109.31769352749,3.34437174531297,"female",939.012336200992,1228.22066624973,"low"
86.4890652391494,5.02836749163459,"female",1087.77017893235,1113.0039523517,"high"
100.912706735496,2.71624423031177,"female",1123.86873210772,1296.63286695752,"low"
126.074545035383,4.33202337080098,"female",970.271302835567,1070.4423483045,"high"
111.490951115221,3.90583715073695,"male",926.82691177998,1260.73259343486,"medium"
97.7179901683276,3.38692169733208,"male",1121.65733935559,1335.84818174155,"low"
103.768535178911,4.27862658707275,"female",855.305646950049,1126.24574201254,"high"
99.5590616017811,4.10256035861253,"male",904.00130377487,1133.48622901607,"medium"
109.467474293281,3.23340327201132,"female",1005.50134145531,1202.64781620251,"low"
96.3348007894833,3.46890855650691,"male",1009.14553195082,1141.46836672307,"low"
72.8563702975134,3.60182280238563,"female",1108.15774969601,1320.66065613773,"low"
121.526994706151,4.1025479932934,"male",910.13455000742,1167.37021997408,"medium"
111.221619952992,3.13506139371899,"female",1021.73072120286,1189.24634961547,"low"
100.016546461817,3.6830667366278,"male",1033.01503094813,1306.75226757476,"low"
111.282891882273,4.90639738027991,"male",942.004107919334,1094.81723403599,"high"
114.415794008059,3.55974173758805,"male",992.568913665448,1095.96777557231,"low"
91.342257252117,3.37670715374239,"male",953.028579615406,1233.6135738709,"low"
120.677865599701,3.73069995815195,"female",888.390594272459,1155.8792462849,"medium"
103.594174882531,4.52585947608706,"female",1037.49407658859,1115.75179975456,"high"
102.8240045713,4.19924852917038,"male",981.194701234553,1190.05935166696,"medium"
102.148897919892,3.41184212999124,"male",1023.60334198453,1220.41656871043,"low"
108.225981955836,4.25673030991006,"male",977.848288966705,1195.6928818206,"high"
92.9828918669912,3.54579263569468,"female",1084.93783326828,1269.43015888255,"low"
95.8316044756338,3.1702354688734,"female",1045.49819037432,1298.9450660712,"low"
103.553793444495,4.28782025324506,"male",999.895252361008,1213.06566429321,"high"
111.720120630723,3.64045161130016,"female",999.161209229356,1144.16901935406,"low"
107.91002142991,4.24329857400607,"female",954.753878601395,1249.84349134842,"high"
99.846948791345,4.36092727949234,"male",999.182614117638,1207.50933074358,"high"
87.9735905194807,4.36798682193957,"male",1061.86097909873,1195.58658626548,"high"
105.680793548826,3.25628982852634,"female",1062.96584150952,1210.57756640454,"low"
126.158930164781,4.07602355798357,"male",966.337269736125,1130.57082232094,"medium"
107.792072504884,3.57039841007149,"male",977.519041915862,1364.09535565795,"low"
101.229128687115,3.76599717637804,"male",996.15077890711,1201.27148324216,"medium"
136.092642289503,4.08832379058763,"female",832.362998040818,1174.69721857882,"medium"
96.806696518458,3.43544736146302,"female",1035.26641462328,1255.18251111874,"low"
112.577960097524,4.2764477893041,"female",1024.56485531771,1143.63953627169,"high"
106.088369769043,4.33451222700302,"male",931.061840843825,1112.46074234299,"high"
103.547601550697,4.18949695976836,"male",1030.39087852697,1204.45391396976,"medium"
78.0875933695625,3.83008805571723,"female",922.403158489225,1252.88595200805,"medium"
68.0484250346542,3.78069420309077,"male",1135.55414517802,1357.20481211028,"medium"
100.859421924368,4.33079622795132,"male",955.877869485461,1233.57973824428,"high"
129.79826981586,4.28015322875351,"male",888.668253363416,1227.36903444628,"high"
110.16244581903,3.83379567334923,"male",932.340962895731,1249.42728577697,"medium"
85.3637587806931,3.25458214979073,"male",1035.70322536189,1247.65365516763,"low"
87.814292990951,3.65028035918448,"male",1062.37257542303,1361.3055096849,"low"
109.011187267694,2.80182032414569,"female",999.731648471842,1177.02342928513,"low"
88.428807669739,3.97138350038197,"male",1120.24945828119,1188.84769104801,"medium"
88.095532101674,4.28827798920838,"female",1029.22553527229,1246.11792647889,"high"
94.8264862264521,4.34359016585948,"female",1026.89800325471,1182.8110557893,"high"
107.094746587897,4.12995874038865,"female",1031.36818916766,1164.88703063053,"medium"
108.856796156869,3.69003508388074,"female",1076.80536817585,1292.90677097491,"low"
87.623873369198,4.75142042279151,"male",1121.19825750195,1195.88445634903,"high"
101.627429036676,3.87473092828587,"female",921.85302150705,1234.84643616946,"medium"
111.530535109877,4.88539984793601,"male",830.092939118792,1298.94282499531,"high"
124.269977425484,3.71526436642953,"male",863.35655983573,1126.58794782316,"medium"
97.251854999445,3.09428761628329,"male",1122.9350223683,1244.07394693403,"low"
102.060715425739,4.73197713686867,"female",922.791636550153,1102.63506756552,"high"
99.4305755900735,3.69868970149912,"female",943.027477348714,1256.49812420107,"low"
110.358188386081,3.43185315860997,"female",949.775220970167,1065.75778422278,"low"
100.005190625898,3.64600052777767,"female",1088.28324581192,1272.97716820394,"low"
58.7773169968138,3.89096515841252,"female",1197.36483623005,1361.80918518477,"medium"
115.543449369646,4.87950829762564,"male",897.030524533554,1132.32963766838,"high"
108.958088963771,3.57640213061492,"female",995.130306606578,1232.91078224419,"low"
81.1534206976703,4.03423003587396,"female",1090.82913309991,1274.42012504072,"medium"
80.9356122859998,4.61979737722175,"male",1014.45992333864,1206.07320709829,"high"
112.321684874776,4.35367167593039,"female",962.161163396698,1100.43731142692,"high"
95.0882906678393,4.47114238864788,"male",1020.25092414165,1150.516109716,"high"
91.6516991547754,4.37724369338438,"female",1039.26814702589,1207.19332994104,"high"
100.395407689809,4.14072363130322,"female",1008.08934954005,1339.34331907167,"medium"
70.3284157747723,4.01607921801108,"male",1171.79465940526,1367.16351222515,"medium"
105.19829710343,4.67754012094344,"female",934.650102952147,1271.33189153887,"high"
101.29509014056,3.77331120654064,"female",1072.43778296024,1251.08520941102,"medium"
96.363336369353,3.82551262497913,"male",1064.72162463824,1226.72265590332,"medium"
93.0035744564882,3.90981952149989,"male",1028.51397719428,1220.28229143969,"medium"
70.8216748743496,3.72250378101162,"male",1093.09848913772,1275.64437347214,"medium"
83.2383715317568,3.49773865255734,"male",1182.50647887391,1291.03331700926,"low"
82.9457484602623,3.80406227046712,"male",943.616399803551,1314.52624100181,"medium"
90.7060976830931,4.06272607322731,"female",1008.69113736226,1403.02602817686,"medium"
125.879001286432,3.81755268500155,"female",765.312853178335,1114.39471279155,"medium"
110.444090457108,4.10098517874216,"male",984.046027948946,1142.55968891832,"medium"
91.9880280455956,4.58275527953531,"female",967.460197572883,1178.74518180154,"high"
103.903724306612,2.75482174447595,"female",950.205095039155,1298.75223808546,"low"
122.786674887181,3.19728187490849,"female",943.52729860418,1124.84764097634,"low"
109.192094837374,3.35544942864862,"male",953.780453440363,1277.38288955256,"low"
94.6115647448982,3.98358307422563,"female",966.8837430349,1177.67712483445,"medium"
119.216004769761,4.65869778711499,"female",975.002808423276,1173.42426917089,"high"
88.9813459350417,3.12500974514786,"male",1073.96778265819,1225.79892869106,"low"
113.967318450727,3.27654525674804,"male",1061.34331343189,1340.80757298807,"low"
129.849938229702,3.56335882440617,"male",905.71803416091,1118.6607040788,"low"
92.4335901564326,3.34110207473016,"female",1149.95595723199,1271.4565407623,"low"
97.4197566552628,3.07915096577592,"male",910.732681004189,1299.12365112754,"low"
92.1268595554386,3.96265922057065,"female",1010.94775581163,1289.21839814833,"medium"
97.823470501902,4.00440997259758,"male",995.052326130249,1164.74585161459,"medium"
66.7432447593514,3.47533111399978,"female",1122.04798522272,1201.29834065622,"low"
109.880689891719,5.10847548263166,"male",1024.8338862341,1162.86932224016,"high"
74.6594762202188,3.78044787445252,"male",1098.00237750627,1245.66042283848,"medium"
98.6888344588924,4.70234678133251,"male",956.957016597747,1207.70614663414,"high"
89.0902013565934,4.39076043464721,"male",1037.04605528031,1084.85468812367,"high"
64.9409166736278,4.17346376212456,"male",1032.61731462319,1221.29481898215,"medium"
128.878667369593,4.27061914311272,"female",858.95736250652,1219.96516713809,"high"
61.3337707027967,3.4502735918632,"male",1081.63513500515,1336.78012462252,"low"
117.648816413899,4.10918041826007,"female",986.189813568197,1072.28765502597,"medium"
115.482620430982,4.23167087569078,"male",845.242927158798,1301.12214316335,"high"
108.681594821113,3.91840813340749,"male",948.485374719397,1213.97238391252,"medium"
93.921658376029,3.39660664611458,"male",996.33623394376,1283.45730373998,"low"
101.95793117405,3.73478046256261,"female",959.734076839493,1179.30497642014,"medium"
101.894911677244,3.89846558272129,"female",1046.95896881385,1159.61524693889,"medium"
128.808816343587,3.74844208253783,"female",805.410773322111,1131.18803220511,"medium"
142.758511487202,3.28178297745414,"female",998.722972004128,1127.08272442555,"low"
95.0212265339797,3.46087441448727,"female",1009.88254790754,1299.44370102351,"low"
99.5420739445658,3.1532865945881,"male",1088.93109593303,1223.16737540614,"low"
104.873422466501,4.17895094061764,"female",1018.83317220636,1352.05915849125,"medium"
78.6974651585315,3.37544635791615,"male",1199.69753224025,1335.37375544713,"low"
114.436647896474,3.63200882129942,"male",973.364117047058,1187.80945277591,"low"
98.9316743031071,4.96249383907291,"female",1007.42566044132,1190.69998656335,"high"
119.352523609605,4.66318622306764,"female",1026.99622091648,1236.15428989165,"high"
83.538191347051,3.54391971569199,"female",1078.48299190245,1313.00424994934,"low"
100.990630890718,3.42182042243551,"female",1023.41506235012,1087.24574839741,"low"
102.569678517509,3.77462363632046,"male",983.920666940306,1292.21388612916,"medium"
88.5234390504871,3.69044416061107,"female",1097.58952639857,1393.42393611248,"low"
113.704231829303,3.90594343266862,"female",1065.13530960503,1281.07402022944,"medium"
103.735533613822,3.82076943431885,"male",1004.54972360783,1206.83392631718,"medium"
95.1458839996577,4.73382236748966,"female",989.456207847032,1187.38974151091,"high"
79.9352086188642,4.26277813494648,"male",1181.16287017321,1289.53648843782,"high"
106.862137821921,3.68015335172442,"male",1033.9681851368,1245.35532689995,"low"
99.4723515059484,4.05266330879434,"female",1023.50959108756,1114.3442946039,"medium"
76.3265005104942,3.63168844114928,"male",1042.16084375292,1349.4172275521,"low"
81.1572497336204,4.95645713970816,"female",1009.90735071164,1159.67368760831,"high"
94.2135606157495,4.29384128944491,"female",1113.47213185997,1283.1172591132,"high"
94.5653676553243,4.51733373736904,"female",1169.99011937239,1150.28351887802,"high"
110.263736268375,3.38178511785157,"male",978.103340969051,1225.42954364766,"low"
90.3452330381501,3.33991874749888,"female",1087.16783364488,1164.54826135985,"low"
100.295182887966,4.15135716475486,"male",1036.53703576097,1067.4356158241,"medium"
130.730969988738,3.38968091374237,"female",952.579952106552,1150.5999352534,"low"
69.2515963865802,3.16678008691403,"female",1134.97489519649,1242.38172035655,"low"
96.5659450294392,3.78960232721346,"male",981.707667027332,1124.05947670547,"medium"
88.9420190443084,3.52413094765247,"female",1076.3371147496,1229.66216977649,"low"
96.9352968573199,4.22788638751531,"male",1072.29344328067,1341.12658242867,"high"
101.451393159309,3.85424111411724,"female",966.722376927546,1166.12603855493,"medium"
88.6007331241805,4.20173405774114,"male",1004.36614647402,1092.55715185846,"high"
97.23612560915,4.22262474643364,"male",996.058426419995,1126.01778903354,"high"
117.919911669115,3.91892695061241,"female",918.877837529845,1113.50521247863,"medium"
104.960566336836,3.90032451158276,"female",993.85375555942,1169.13651564121,"medium"
90.3345313313655,4.36377423929582,"female",963.916219006636,1177.33943644041,"high"
90.0549063674167,2.6529965817521,"male",1100.34358427631,1079.54740788591,"low"
93.7041427841977,4.73523695304223,"male",934.780045077736,1158.50717855273,"high"
74.4140248788743,3.81112974415641,"female",988.479189231346,1424.67326620963,"medium"
87.781380650573,4.8685900339348,"male",1009.9656758231,1250.40713705755,"high"
108.116529672285,3.57189340858538,"male",984.290083981682,1269.50549949395,"low"
114.982827376368,4.50051959507888,"female",842.215190710203,1161.60179163545,"high"
70.5196556316031,4.56758426018466,"male",1250.57560945576,1274.09382375629,"high"
106.303337038996,3.52135621120712,"male",997.953910977523,1128.59207534006,"low"
87.8974348744059,3.96086191099622,"female",1065.44463092054,1145.22327921758,"medium"
97.8810565974357,3.94762464081219,"male",930.056104040883,1198.21915183329,"medium"
123.463779411159,3.55674773361697,"male",974.617565925032,1211.17594175903,"low"
117.708370489679,4.54960020374435,"male",886.550137013067,1133.81877948383,"high"
121.677694531666,3.97199977328276,"female",1038.44810914619,1115.54901604336,"medium"
90.6196528782024,4.36953240035314,"male",1032.70705612612,1229.08296187321,"high"
120.029047242552,4.40639014231346,"male",1020.51002423738,1152.664265069,"high"
97.0756268821738,4.20415325617225,"male",1024.34750637179,1198.03017576663,"high"
108.355492832749,3.72475992320797,"female",1050.58664429293,1175.14967802071,"medium"
112.924684423439,4.02646420201744,"female",955.189304028779,1195.02085404144,"medium"
109.239674411532,3.55235104074341,"male",965.448526343484,1246.26618784785,"low"
109.782645449854,3.8686952529784,"female",966.238949425977,1198.12121137815,"medium"
112.250210991756,4.50096145824677,"male",1042.15096582961,1102.89968698625,"high"
69.1235994833653,3.6459583216413,"male",1155.35407354126,1332.99476720682,"low"
103.147474139653,3.77474797350378,"female",939.019004544479,1135.67102640435,"medium"
115.507758813949,3.81312901979668,"female",1021.18455733244,1195.68102897703,"medium"
86.9881188503315,3.50554753433403,"male",975.08174429483,1225.80366248599,"low"
107.693322764792,4.93831174926096,"female",904.615349172153,1121.36510109203,"high"
100.14357719505,4.11749209250606,"female",919.975375775627,1201.75499891903,"medium"
60.8889870132219,3.86444218563531,"male",1142.17917508984,1316.94669388473,"medium"
119.928496057638,3.40899475341797,"male",976.576571006564,1162.77302233479,"low"
87.3774534868035,4.27955561512249,"male",1094.24246159499,1151.20489834801,"high"
93.8626790239367,4.06218195830091,"male",1058.41153842313,1230.82880923657,"medium"
75.0705567792997,4.72969786948581,"male",1148.50032203334,1169.17152652231,"high"
105.034027743821,3.56650516526026,"male",1061.30236276239,1204.23943257936,"low"
101.075045315119,4.42550710418469,"male",916.97516279696,1161.42540525595,"high"
139.806259762131,4.14790736492878,"female",834.061895764728,1130.4294843763,"medium"
83.1795530296526,3.96854388906834,"male",1165.85939263607,1350.49922182055,"medium"
99.0024708636134,4.03699669387794,"female",1044.95113519095,1259.78058042679,"medium"
105.878116596872,4.74687307480452,"male",956.273131931143,1194.97011049976,"high"
84.9493464407142,3.57220559925314,"female",978.000626915462,1182.56639140372,"low"
109.287030374317,4.22773724469205,"male",959.77904389086,1209.27544407109,"high"
95.9467247342947,4.38743680537153,"female",1010.0068336016,1217.04227153641,"high"
65.8356069454026,3.35538936572181,"male",1152.23832932847,1381.71924491657,"low"
103.702018322862,4.14572609470396,"male",892.414929717485,1233.41956327818,"medium"
108.219924688464,3.70455343427606,"male",960.687780619684,1208.29180555052,"medium"
106.191150935259,3.29733864772936,"female",1042.49498493359,1179.43180485823,"low"
83.3980718984294,4.38890025813139,"male",993.33259846649,1254.66107913954,"high"
85.053441198336,3.25686090240923,"male",1001.01030507058,1306.52657503595,"low"
88.3193504234341,5.08340743217433,"female",1035.08510967781,1139.09900743735,"high"
90.5013280491289,3.57097069969674,"male",1034.0045780279,1199.06486149256,"low"
92.6327268153851,3.92834184700434,"male",1018.82212067818,1263.80212870454,"medium"
85.7384319727184,4.29092854388201,"female",1059.89379522848,1227.60862511167,"high"
99.5996320199001,3.19956043074236,"female",1061.33020365337,1248.60222192449,"low"
103.289972064643,3.67875518201913,"female",1102.91656726073,1267.57107019214,"low"
95.4197763063754,3.60993359957018,"male",974.868402731623,1153.427377886,"low"
118.781925547735,4.63474876503862,"female",1012.83394711817,1203.76383680764,"high"
140.979970637672,4.66363017960846,"female",915.499384123721,1093.64121794954,"high"
112.467242716198,4.23250561679105,"male",1083.38763407488,1171.96273162203,"high"
80.5469398566415,3.05402024582177,"male",1118.71850748631,1251.70894087669,"low"
103.407445665057,3.92109361765292,"male",1084.53766553665,1151.96873820861,"medium"
100.810938813743,3.47771393565093,"male",1038.2387415126,1184.50188528653,"low"
136.295123122556,3.53645523246229,"female",907.089506174311,1165.77898934062,"low"
113.178743824529,3.77217603058717,"male",960.471185311602,1258.72062464879,"medium"
73.4045175330426,4.04290613625589,"female",1183.90977902086,1275.54005809462,"medium"
115.254577439513,3.5920649535357,"female",877.451012406927,1166.64176664508,"low"
82.656437993456,4.67935003512797,"male",1022.00614963406,1255.59382203509,"high"
113.428033634208,3.63977917050097,"male",984.518928438729,1160.57081555119,"low"
94.9461555324647,4.7485722630018,"male",1101.82290020538,1272.50951187274,"high"
97.937780447158,3.63904660257611,"male",1000.73115299071,1279.06128981518,"low"
70.9686142294814,4.40668633753815,"male",1023.10633786919,1319.78024311262,"high"
100.901239644928,4.31078936838816,"female",916.318036989114,1216.60847982805,"high"
112.013640985693,3.88763230172523,"male",912.501319004852,1137.88547301839,"medium"
100.568784360484,3.11520525525717,"male",1052.85576371203,1281.38025061692,"low"
111.34663177571,3.67038452143595,"male",924.623815144243,1208.80588858655,"low"
106.508517138349,4.56234631976584,"male",1018.8271157143,1145.66362464028,"high"
96.502992615772,3.71549755939381,"male",960.06459212387,1171.22108771125,"medium"
97.1176677856678,4.46792828178359,"male",1065.18805587022,1259.77042364341,"high"
113.467895517087,4.4081453712393,"male",1011.49829920788,1125.99741022208,"high"
81.158129073434,4.04788362920299,"male",1092.89827518319,1278.38784908818,"medium"
80.496840537055,4.16913040129949,"male",1025.31884516346,1168.21469631741,"medium"
117.221696087492,3.59192662113149,"female",920.100286778033,1144.39012832366,"low"
91.434002534761,3.66348493442543,"male",1017.7312740399,1227.25434799807,"low"
113.223858354212,3.80153548346366,"female",976.801413373084,1176.00213914397,"medium"
107.848418241638,3.69412058047631,"male",1031.14321021632,1055.99919244076,"low"
113.853550644692,4.47569819326111,"female",857.271784041826,1348.88434385675,"high"
92.9707877490288,4.03643094077604,"female",998.533669728903,1223.58531804632,"medium"
113.044667616407,3.32588586507203,"male",919.084783280093,1149.40714255388,"low"
79.3820500276383,3.61895583577607,"female",1150.13164277913,1233.25212792818,"low"
72.3681611164492,3.89805137970934,"male",1084.67683549783,1414.85398348302,"medium"
74.3061900728322,3.9269029885424,"male",1055.82465940104,1320.43629984541,"medium"
97.1145648959359,4.37305847929543,"female",1025.80602650733,1130.86699870406,"high"
109.140957759506,3.93436753240932,"female",1030.84946506514,1332.45990741812,"medium"
106.342610613607,4.16784793941568,"female",943.567429991682,1261.97031865005,"medium"
104.073994492926,3.7966991474026,"male",1127.17204340135,1277.13610717837,"medium"
89.1160901989633,4.0848582746568,"male",1070.48649873652,1197.96530573451,"medium"
83.8884949542088,3.72790004186634,"female",1081.80918826194,1297.78946008175,"medium"
100.734295350995,3.2956810427145,"female",1054.1713217835,1132.09343613581,"low"
91.529604032801,4.64273897236412,"female",1027.94973779515,1231.22406084915,"high"
117.513974269948,3.60361729638741,"male",909.604394407733,1364.44512414209,"low"
107.514592762595,4.44986918466384,"female",858.485738110046,1067.9915979208,"high"
102.407803452282,3.79081207379212,"male",1000.08680613654,1193.63804039841,"medium"
94.5062049345946,3.56308993893154,"female",937.680579620102,1205.59763125037,"low"
103.930081941399,4.29020564029215,"male",953.421813137817,1287.98074725096,"high"
116.662422501023,3.87460736438773,"female",891.995379349282,1193.97248625038,"medium"
99.2518958248241,3.70241378006993,"male",1017.28430460041,1183.1792983748,"medium"
90.8314107565802,4.59964366076209,"female",992.875616001258,1204.38530638095,"high"
87.0905627885708,4.01602554967882,"male",1044.90459196731,1176.99667098558,"medium"
92.5269473273212,4.36199741803588,"female",955.212704121384,1157.13308768384,"high"
97.450368080689,3.69832259639534,"female",953.142674092138,1177.74159291696,"low"
94.1070017287466,4.27487708455146,"male",934.851022063515,1131.62835759441,"high"
102.615208656389,3.72915644249627,"male",1110.83338232542,1355.33224619886,"medium"
102.90067366731,3.61632764437322,"female",1156.95982484347,1185.69748585255,"low"
104.998936877107,2.99914193649337,"male",1024.122300758,1250.91150503133,"low"
111.364402970461,3.03548268262953,"female",1041.55939515733,1234.34654786155,"low"
95.634577804638,4.2976500953625,"female",966.90135998212,1043.58362841763,"high"
105.283161487905,3.68416104518839,"male",1026.65782135413,1194.34552102965,"low"
119.882118066979,4.27748505050648,"female",936.750787448897,1159.32595803964,"high"
77.7350376444849,3.78389979643812,"male",1070.02114424533,1309.14333532574,"medium"
90.3006955199712,4.38787503523211,"female",1029.68439845973,1256.59947280471,"high"
103.644211398549,4.40945601930602,"female",929.929379612446,1231.38325418807,"high"
97.128914032656,3.52317263615336,"male",1189.38357252556,1184.07552032188,"low"
113.910772971145,3.85449695674189,"male",1015.32687806285,1148.0661553706,"medium"
128.667275560346,3.60807548320721,"female",940.2654823275,1192.7603912662,"low"
84.9845241888185,3.89756159769321,"male",1087.12099872238,1212.84338170408,"medium"
119.941956616795,3.91038933248435,"female",947.399826382204,1148.89793615446,"medium"
83.4860968837985,3.81581971237898,"male",974.505882266743,1096.31750442057,"medium"
116.540263626005,3.58575865717379,"female",931.195062752295,1226.29793382702,"low"
106.477169884277,4.34198566842447,"female",875.308116589593,1245.38962018914,"high"
92.7413497635633,4.22494180255484,"male",1064.60306356261,1212.92190280123,"high"
119.75049394124,4.39758824468307,"female",929.619874489364,1219.27181014273,"high"
64.5376881376824,4.05386520703439,"male",1122.20486956372,1191.29478087998,"medium"
109.250417866352,4.1754991928483,"male",917.55722619779,1120.13039089625,"medium"
93.2188114633098,2.9338850048445,"female",975.435791551646,1299.04657033883,"low"
108.685498930215,4.46655631370115,"male",948.017788564428,1146.7921321291,"high"
113.710993219664,4.43198217521565,"male",900.719075665446,1153.61144813472,"high"
76.0426163258789,4.59398644244554,"male",1073.76075972853,1229.4556588789,"high"
90.3387678689047,3.87165523666266,"female",1154.66952689884,1253.7766692838,"medium"
87.1575983803594,4.003223350932,"male",1026.23372321954,1271.05643717482,"medium"
85.7986447183352,3.66429349699522,"female",1057.59051392489,1227.05378053893,"low"
99.4725328585279,4.00784025812582,"male",974.742147193333,1282.00254643279,"medium"
98.4407907067974,4.49839344502458,"male",980.622492401832,1207.11390012975,"high"
83.3721008292625,3.93386384848832,"female",1120.19670210683,1282.2818224219,"medium"
98.010760302682,3.76088994042773,"male",1062.9387227409,1215.7686084801,"medium"
87.0389763747161,4.77036634685011,"female",997.853606962297,1176.5161498974,"high"
87.8396896369784,4.25659472674281,"female",996.127175655334,1221.2124365099,"high"
88.4265817494872,4.33834196422678,"male",1019.86830366381,1118.81816079115,"high"
85.0094014029028,3.91825206116393,"female",1110.81165756153,1199.49482256279,"medium"
114.156237101904,3.62723216818096,"female",922.105569127228,1160.33855312002,"low"
104.191609915244,3.59606326400906,"male",856.241180220958,1175.67115670948,"low"
85.436765709883,4.81430394854686,"male",1074.93636378371,1168.03709206811,"high"
110.945569148411,5.11319140748324,"female",837.609448199893,1118.17085732064,"high"
105.204603804651,3.20775198002055,"female",886.789207864437,1328.45837945417,"low"
99.6645049996384,4.55752844804166,"male",1130.68005699666,1169.93085261755,"high"
121.895782301966,4.19780136563101,"male",930.696475695476,1053.1783307924,"medium"
91.753355533011,4.59257511309271,"male",1007.50910627898,1114.86918712068,"high"
106.206788854973,4.96341769437058,"male",1035.77553169794,1150.24236702415,"high"
85.7774718036078,4.35998720010387,"male",1022.43597587509,1105.63272431676,"high"
82.636788892068,4.32035074026912,"female",1063.47069643112,1082.71775729808,"high"
92.5227478590973,4.13724300174277,"female",922.603436557564,1272.74889728693,"medium"
93.760895973953,3.80282399950975,"male",994.607574919879,1076.44946973434,"medium"
104.802898152976,4.12767030735729,"male",942.055077158683,1215.97996533281,"medium"
79.2701020008903,3.51266835868724,"male",930.093085652491,1191.46721713972,"low"
91.9417197606351,4.32895511558664,"female",1056.65398983953,1159.35994058322,"high"
115.1011281192,4.52453887027886,"female",968.05114719196,1121.90297473704,"high"
116.5569509811,4.0729273609574,"male",924.33861179363,1293.53330628355,"medium"
79.8702879224056,3.99642973060275,"male",1076.03464577141,1306.75395011721,"medium"
111.219805513216,3.99382478222089,"female",959.144398972595,1130.47078656297,"medium"
100.018736158488,3.67485405162173,"male",969.529491379542,1227.79988016051,"low"
115.510872390027,4.22130564190272,"female",963.799152916633,1120.4067088191,"high"
104.778611853608,3.55835877727662,"female",1065.0187669334,1118.63028314379,"low"
82.4344807293346,4.24896969902503,"male",986.508352880229,1278.86521979811,"high"
99.5956087989863,4.21247428007302,"male",948.21331201755,1222.06905972017,"high"
99.6471464055869,4.39997241521934,"male",1005.01957971705,1141.10223669776,"high"
81.4925553279217,3.83044990953299,"male",987.608327245985,1330.02478695929,"medium"
98.0237009295205,3.69954800271701,"female",956.115618687803,1284.09903871008,"low"
127.817201499177,4.07843930227768,"female",908.851916653628,1132.96114579106,"medium"
113.028297558298,4.37086102782509,"female",971.045444794444,1086.96349196051,"high"
117.767477894668,4.07176769602636,"male",1002.3428138608,1286.87403341745,"medium"
92.7657236661827,4.65201638973183,"male",1096.77573110258,1105.62722898728,"high"
111.645649904275,3.73645124288286,"female",935.143219998853,1238.96611326884,"medium"
83.6090453093484,3.18617431917329,"male",1005.42279135223,1264.10012863469,"low"
110.688180147477,5.10242818443431,"female",986.234266787479,1129.4527648558,"high"
100.499029043521,3.0182802460247,"male",941.979618677165,1266.62852559008,"low"
114.3587441792,3.27148382787164,"male",960.952432332003,1291.95445443761,"low"
92.6051914505282,4.11799382850909,"female",1001.70989919154,1140.21296105335,"medium"
106.144908542328,3.11976206343867,"male",899.18774395361,1225.14869305528,"low"
101.1436408344,3.52816052911751,"female",1044.03332583058,1173.99684312185,"low"
121.477287169347,4.54239228799026,"female",902.889837642678,1130.68841675742,"high"
102.067737530611,3.70128529329094,"female",964.422766919577,1156.18221189325,"medium"
108.09786359107,4.17894542974432,"female",1026.81374001216,1088.84825003254,"medium"
110.258796069085,4.06353891550287,"male",1032.19163294696,1124.60514168148,"medium"
81.380046822413,4.50835073462737,"female",1094.97425969082,1342.34485604317,"high"
95.6696932626638,4.46577809372572,"female",1018.96565025857,1166.59095623937,"high"
103.888459115793,5.06145564527715,"female",1027.69624163323,1198.82521865614,"high"
76.4582657066652,4.12054862868561,"male",1099.48375293572,1368.2456480919,"medium"
109.935830258092,3.49454858128494,"female",1055.95561562351,1143.49974518329,"low"
100.73932661807,4.12627965888385,"female",925.655120693,1271.01424584298,"medium"
88.268391372121,3.24055827190012,"male",952.585251608838,1179.10421274794,"low"
66.4743685712454,3.35379496766265,"female",1106.95220302152,1450.02168121702,"low"
127.386061489689,4.08559649226584,"male",935.330782539854,1269.84151552763,"medium"
101.487035951938,4.10185932544995,"male",1052.13666878676,1225.82079687335,"medium"
122.1951457781,3.8726790178156,"male",898.821267014571,1178.60286180585,"medium"
91.5919846677012,4.09843478085239,"female",944.907742207297,1281.47716756793,"medium"
75.4523377689192,2.76654437196115,"female",1133.78597441047,1254.40959038266,"low"
107.542581621029,4.52397178721148,"male",1092.50377158282,1245.55780457672,"high"
95.168308324293,5.04467830371075,"male",1071.14968521886,1218.1621043814,"high"
103.195194419176,3.81559799124436,"male",954.492686849907,1355.79010179524,"medium"
84.6879132945006,4.16820661348689,"female",1050.03921767091,1268.17058322312,"medium"
101.232007923992,3.91250393923625,"male",1154.99030769168,1146.74875364776,"medium"
113.831938218205,4.15569084282539,"male",947.465883729346,1210.2799834626,"medium"
106.025799041354,4.00997752467737,"female",921.87449778994,1085.54731175579,"medium"
91.4104584490355,4.81229874648459,"male",905.916724386604,1119.59461562546,"high"
71.1896106276547,3.49905449427277,"female",1217.03732952083,1263.64200082443,"low"
111.262286636084,3.8543771699413,"female",981.169579340847,1197.71349698603,"medium"
81.0499800927672,4.55029232842695,"female",1016.68942226707,1258.17843576891,"high"
95.5318701408792,4.21518052937581,"male",1007.47709299897,1269.37159560144,"high"
93.1760304988001,3.09180445217372,"female",1064.67733726668,1322.68047087582,"low"
112.319822400214,3.37436956444966,"male",1039.73001170272,1257.34649140023,"low"
108.854235366542,5.2497299909387,"male",1015.70551554811,1130.11763694177,"high"
77.8630911350631,3.43296062057993,"female",1054.22766908814,1354.77597240614,"low"
127.98665582231,4.13771384080151,"male",896.783627688459,1185.42821895622,"medium"
100.004941242124,4.22882557043341,"female",967.32228800993,1055.40602745472,"high"
112.223391715666,3.97448326550594,"female",1081.28460519169,1062.38962009619,"medium"
93.016910946297,4.44452588460919,"female",966.136483079276,1250.85186476055,"high"
93.752719816922,4.64299539839405,"male",906.703863386586,1131.6004069184,"high"
77.2331030147193,4.30207599652354,"male",1015.48797797142,1161.13839046084,"high"
97.5534018978895,4.54873408858193,"female",962.293936263486,1215.87565015324,"high"
118.744865632788,3.95068275430051,"female",1067.73247866231,1202.70886038194,"medium"
90.6485065863315,4.62623906488969,"male",990.247246703436,1160.69804196975,"high"
110.506338820613,4.40346621985538,"female",983.112660550843,1238.22035625072,"high"
72.4555848745164,5.14571826037694,"male",999.564382142257,1220.99093027376,"high"
78.7396908504924,4.14947080471432,"male",1101.93294086236,1051.84444948578,"medium"
98.6185859104998,4.18555886500235,"male",1089.00024079428,1143.08439669362,"medium"
97.0393757290803,3.51909871703653,"female",991.135461253815,1245.56385338703,"low"
105.890348471882,3.62233923590576,"female",1008.09239698669,1167.38122092631,"low"
118.399155159352,4.20466970823883,"female",807.285574941973,1194.53990650148,"high"
114.115675432509,3.88268225477431,"male",913.69833269382,1225.49837290373,"medium"
99.2617831880974,4.40570637351903,"female",1062.40186315254,1177.12642151126,"high"
55.3087769853639,2.74473547712016,"male",1152.0114403879,1452.19558596078,"low"
82.426929156424,4.22075838227873,"female",1030.09152016182,1250.55338007445,"high"
69.934901466471,3.98797695420536,"female",1100.17555406127,1252.26359564731,"medium"
113.149199171961,4.55301510980251,"female",978.307724278944,1052.47748851186,"high"
88.2036475405204,4.00144944899456,"female",994.090876156658,1355.77628673603,"medium"
108.286869539588,3.64328676987663,"female",864.38845432101,1180.42915005163,"low"
90.380456682786,4.31076500695652,"female",1103.5793077191,1300.1012029845,"high"
75.7909393433848,3.99421975990197,"female",1097.56392070303,1291.40982495853,"medium"
91.869957419513,3.69684891979978,"male",1013.95666188867,1247.93743020794,"low"
79.6068682897204,4.722155688527,"female",1033.91039110924,1169.37741721759,"high"
101.580739065951,5.46923548597212,"female",921.869023105588,1020.76110970767,"high"
98.6922910745535,4.27199194988886,"male",1046.76590620659,1225.2337813191,"high"
90.9692659477211,3.98708442788792,"male",1159.36120452343,1262.32010795875,"medium"
100.480177992199,3.72518840318714,"female",1001.63957687663,1076.76471392474,"medium"
109.239141575738,4.03291105383072,"male",917.296095050255,1138.60269079233,"medium"
99.135985578781,4.39654469882638,"female",820.980972254867,1181.89660164089,"high"
102.904066261557,4.31639525145775,"male",930.056334455802,1078.24433488096,"high"
95.292599737722,3.75865154684812,"male",1111.50530086445,1169.17877207343,"medium"
96.2573106843154,3.75718890704732,"female",1007.80038824685,1194.97717559884,"medium"
101.985198509926,4.11257775241481,"male",1094.89053695982,1281.77784304298,"medium"
103.23736707608,3.01731563405364,"male",1032.63706564153,1301.14024634852,"low"
85.2313198477237,3.24703843333612,"female",1047.45403403111,1209.49308843406,"low"
94.7802374377729,4.17603123219757,"female",975.527802101138,1269.37674451612,"medium"
112.576667192198,3.68964364215433,"female",1094.55889842133,1096.06469077353,"low"
77.6288183095898,4.05487453651351,"male",1067.16567453962,1227.77305210195,"medium"
79.2568312251773,3.7830124183963,"male",1084.49784880181,1210.49040378682,"medium"
117.734983521847,3.52839274415793,"female",799.445214740218,1144.65368398331,"low"
117.128160662952,4.31030009892283,"female",1048.9750295304,1193.64971765943,"high"
91.9406751267774,4.0678896774744,"male",1067.99150587818,1272.71996159789,"medium"
87.1797167707149,4.60537440078284,"male",1046.99559424678,1148.19324534464,"high"
104.101189430116,4.73068237662744,"female",917.310291820336,1027.54561730894,"high"
90.649599378614,4.36899626537763,"male",976.57598554808,1108.5933563309,"high"
105.336924537647,5.15112017698458,"male",919.984069758731,1073.95750781148,"high"
91.6842800353489,3.99206645620533,"male",977.110540115595,1164.2036922529,"medium"
84.6876730012028,3.50579599112184,"male",1017.3054223662,1180.18495032465,"low"
104.763744356868,4.08115770481885,"male",870.675656756419,1215.45656919233,"medium"
113.819303427039,4.80639162786053,"male",887.962578540572,1094.72205863244,"high"
93.8080169201762,2.99717311648057,"female",990.764270403803,1299.36480078285,"low"
99.1032830961137,3.93288622711068,"male",1049.61525966623,1174.34270623878,"medium"
102.424763576363,5.05396753509185,"male",968.855817259272,1187.64080765814,"high"
46.9987231146079,3.37763183073065,"female",1142.21073660355,1407.15152118426,"low"
109.511459085929,5.13955050534226,"female",1047.79181514988,1087.77714992312,"high"
100.634428604877,4.1651216780814,"female",899.762921809843,1300.81942135329,"medium"
107.497736279963,4.55208632039537,"male",1058.20151648427,1245.27111973483,"high"
107.272086702609,4.61212407768181,"female",1016.87049696698,1091.08385875507,"high"
102.074511736148,4.35966740632617,"male",1013.31847100568,1143.02417161249,"high"
112.450712966895,3.79191315607869,"male",992.607280438912,1164.4671754021,"medium"
120.105791914784,3.13549126264652,"male",929.801902959213,1216.45041303734,"low"
163.411296003497,2.94207480737929,"male",819.257575659829,1064.59444015583,"low"
100.19161154131,3.76084029601963,"male",1023.82440975502,1219.02501943679,"medium"
109.653340323904,3.71254658356312,"male",1002.85202387469,1188.78052664961,"medium"
105.487852626779,4.12499998455681,"female",974.762928302656,1116.60608965485,"medium"
100.842199836532,4.928002576873,"female",917.683333406335,1247.37016456461,"high"
91.9127331060434,4.45344485158076,"male",1013.46823958518,1064.71182441541,"high"
94.4853069310103,4.44374038763089,"female",997.739569087422,1228.31658832616,"high"
99.3626228726139,3.64588146261796,"female",1021.28244569751,1172.14139033697,"low"
117.675822217107,4.23517162896065,"male",1059.62626183662,1104.06971649603,"high"
117.60159524994,4.31794520418829,"male",877.588902339964,1058.58166680482,"high"
106.432784047309,3.92486751292501,"male",968.31233360737,1193.86513288208,"medium"
115.128615993293,4.55254798984502,"male",996.348555514387,1154.23873721636,"high"
97.522485773816,4.15051122186396,"male",991.519765981855,1116.27270194974,"medium"
81.4769686458953,4.66142417837023,"female",1060.65413838431,1196.5548636189,"high"
126.173326853703,3.69030742685203,"male",889.260806918912,1234.62462000359,"low"
83.4409015390573,4.87270966634077,"female",1004.32606390167,1185.69239048711,"high"
111.892826195955,4.65440726975912,"male",953.64525637025,1106.70912858345,"high"
110.591528117062,4.67173283887729,"male",955.856042407446,1058.07236920672,"high"
85.3833069778248,3.53051650411085,"male",1003.55136583261,1274.98181884856,"low"
107.427605080136,4.9164883948635,"male",884.258019284008,1184.92859608293,"high"
87.0575169112031,4.8060189581916,"female",1082.74937673916,1060.25443782579,"high"
98.9098662038275,3.39830388523424,"male",1047.47376233158,1262.17888255702,"low"
105.27777570992,3.53790227046103,"male",1063.54862798297,1269.79559717598,"low"
122.314990433195,3.36497765650176,"male",979.920840967064,1230.00443521606,"low"
90.4088264431368,3.71411437922936,"male",1070.69026588798,1241.04216783982,"medium"
86.8638875598193,3.42046307952736,"male",1062.03947229115,1288.10956750765,"low"
89.9723326777017,4.50413894830752,"female",1045.19162250409,1251.21535982799,"high"
103.121787911328,2.95812785921146,"female",986.192517334034,1198.57322642228,"low"
84.0178828913621,2.76165100241593,"male",1148.34109338301,1383.04908463552,"low"
87.0336538506982,3.93718234853861,"male",1046.7485153066,1340.31054766799,"medium"
89.9911988344641,4.82827168153841,"male",980.510189855366,1080.74203462558,"high"
98.070895351268,4.287359602698,"female",1092.23666501083,1207.42960864406,"high"
86.5749744754103,4.49630643761164,"female",1145.47268877853,1248.08035728588,"high"
65.3983969167314,4.30209272403997,"female",998.45366527646,1222.45664169496,"high"
107.22368949487,3.97240680423226,"male",889.855052271089,1094.81090094741,"medium"
75.0013314404492,4.97769088018685,"female",998.000458503423,1150.45331272201,"high"
103.557755015475,3.79599497227469,"female",980.93018971563,1213.02792807307,"medium"
88.0415724249244,4.75458934981867,"female",1005.171890507,1097.29363426003,"high"
107.613574774962,3.55228938642265,"male",1008.96296874265,1187.05004003228,"low"
100.107939245732,3.99246583420639,"male",1106.75878286636,1274.31782484262,"medium"
115.026028122583,4.80687157956096,"male",960.282678036071,1250.31767503933,"high"
78.0200334176139,3.36403698568904,"male",1057.67700779519,1150.46692915502,"low"
